"att_t_fed","FKM21","date","index","econ_strength","wave","statenumber","east","berlin","prevac","dayssinceMPK","weekMPK","lninc","lnincfed","lnvac","lnvacfed","data.id","Land","stmt.id","ai.index","timetrend"
3,83.3,2020-09-29,3,0.31767052,2,13,0,0,1,0,1,1.88744676113129,2.79694676399231,0,0,324,"SL",530,4,0
1,121.9,2020-09-29,1,0.332237663,2,3,0,0,1,0,1,2.92966437339783,2.79694676399231,0,0,325,"BY",528,2,0
2.75,74,2020-09-29,2,0.234348302,2,9,1,0,1,0,1,1.5116513967514,2.79694676399231,0,0,326,"MV",529,1,0
2.66666666666667,102.9,2020-09-30,4,0.1736283,2,7,0,0,1,1,1,3.49613523483276,2.83498668670654,0,0,327,"HH",532,4,1
1,111.5,2020-09-30,1,0.385996431,2,2,0,0,1,1,1,2.86319994926453,2.83498668670654,0,0,328,"BW",531,1,1
2.2,72,2020-10-01,1,0.335727021,2,17,1,0,1,2,1,1.61463820934296,2.87217879295349,0,0,329,"TH",533,2,2
1,121.9,2020-10-06,4,0.332237663,2,3,0,0,1,7,0,2.96936535835266,3.07511115074158,0,0,330,"BY",535,4,7
1,111.5,2020-10-06,1,0.385996431,2,2,0,0,1,7,0,3.16815185546875,3.07511115074158,0,0,331,"BW",534,1,7
2.33333333333333,92.4,2020-10-07,3,0.331304176,2,10,0,0,1,8,0,3.06549739837646,3.16859149932861,0,0,332,"NI",123,3,8
2.33333333333333,92.4,2020-10-07,3,0.331304176,2,10,0,0,1,8,0,3.06549739837646,3.16859149932861,0,0,333,"NI",123,3,8
2.33333333333333,92.4,2020-10-08,1,0.331304176,2,10,0,0,1,9,0,3.11975383758545,3.25346970558167,0,0,334,"NI",536,1,9
2.66666666666667,71.1,2020-10-09,2,0.328826809,2,15,1,0,1,10,0,2.00595498085022,3.34845781326294,0,0,335,"ST",537,3,10
2.66666666666667,102.9,2020-10-10,1,0.1736283,2,7,0,0,1,11,0,3.68347668647766,3.4073007106781,0,0,336,"HH",538,1,11
0,76.8,2020-10-11,4,0.139124282,2,4,0,1,1,12,1,4.28986597061157,3.45097041130066,0,0,337,"BE",541,4,12
2.2,99.6,2020-10-11,3,0.273711263,2,11,0,0,1,12,1,3.71943974494934,3.45097041130066,0,0,338,"NW",542,3,12
1,111.5,2020-10-11,1,0.385996431,2,2,0,0,1,12,1,3.58134508132935,3.45097041130066,0,0,339,"BW",539,2,12
1,121.9,2020-10-11,4,0.332237663,2,3,0,0,1,12,1,3.39626932144165,3.45097041130066,0,0,340,"BY",540,4,12
1,121.9,2020-10-12,4,0.332237663,2,3,0,0,1,13,1,3.47919678688049,3.51677274703979,0,0,341,"BY",543,4,13
1,111.5,2020-10-13,2,0.385996431,2,2,0,0,1,14,1,3.70033669471741,3.57861232757568,0,0,342,"BW",544,1,14
1,121.9,2020-10-13,3,0.332237663,2,3,0,0,1,14,1,3.52702713012695,3.57861232757568,0,0,343,"BY",545,3,14
1.5,118.1,2020-10-14,3,0.239078888,2,8,0,0,1,0,1,3.83768820762634,3.66716575622559,0,0,344,"HE",546,4,15
2.75,102.2,2020-10-14,4,0.332345665,2,12,0,0,1,0,1,3.4079065322876,3.66716575622559,0,0,345,"RP",548,3,15
2.2,99.6,2020-10-14,3,0.273711263,2,11,0,0,1,0,1,3.90364909172058,3.66716575622559,0,0,346,"NW",547,4,15
2.4,74.6,2020-10-14,2,0.313358469,2,14,1,0,1,0,1,3.62808108329773,3.66716575622559,0,0,347,"SN",550,2,15
3,83.3,2020-10-14,3,0.31767052,2,13,0,0,1,0,1,3.84839463233948,3.66716575622559,0,0,348,"SL",549,4,15
2.75,74,2020-10-15,2,0.234348302,2,9,1,0,1,1,1,2.76245546340942,3.76202774047852,0,0,349,"MV",556,2,16
1,111.5,2020-10-15,1,0.385996431,2,2,0,0,1,1,1,3.87860417366028,3.76202774047852,0,0,350,"BW",551,1,16
2.66666666666667,71.1,2020-10-15,3,0.328826809,2,15,1,0,1,1,1,2.43083810806274,3.76202774047852,0,0,351,"ST",558,3,16
3.42857142857143,96.5,2020-10-15,1,0.258303035,2,16,0,0,1,1,1,2.6338996887207,3.76202774047852,0,0,352,"SH",559,1,16
2.2,72,2020-10-15,2,0.335727021,2,17,1,0,1,1,1,2.87516331672668,3.76202774047852,0,0,353,"TH",561,2,16
1,111.5,2020-10-15,1,0.385996431,2,2,0,0,1,1,1,3.87860417366028,3.76202774047852,0,0,354,"BW",551,1,16
1,111.5,2020-10-15,3,0.385996431,2,2,0,0,1,1,1,3.87860417366028,3.76202774047852,0,0,355,"BW",14,3,16
1.5,118.1,2020-10-15,3,0.239078888,2,8,0,0,1,1,1,3.95113277435303,3.76202774047852,0,0,356,"HE",555,3,16
1,111.5,2020-10-15,3,0.385996431,2,2,0,0,1,1,1,3.87860417366028,3.76202774047852,0,0,357,"BW",14,3,16
2.66666666666667,102.9,2020-10-15,3,0.1736283,2,7,0,0,1,1,1,3.90809202194214,3.76202774047852,0,0,358,"HH",554,3,16
1,111.5,2020-10-15,1,0.385996431,2,2,0,0,1,1,1,3.87860417366028,3.76202774047852,0,0,359,"BW",551,1,16
3.16666666666667,82.8,2020-10-15,3,0.276428351,2,5,1,0,1,1,1,3.2836058139801,3.76202774047852,0,0,360,"BR",552,3,16
2.66666666666667,102.9,2020-10-15,3,0.1736283,2,7,0,0,1,1,1,3.90809202194214,3.76202774047852,0,0,361,"HH",554,3,16
2.33333333333333,92.4,2020-10-15,3,0.331304176,2,10,0,0,1,1,1,3.52616500854492,3.76202774047852,0,0,362,"NI",557,3,16
2.2,72,2020-10-15,1,0.335727021,2,17,1,0,1,1,1,2.87516331672668,3.76202774047852,0,0,363,"TH",560,2,16
2.2,99.6,2020-10-16,1,0.273711263,2,11,0,0,1,2,1,4.05242967605591,3.84040665626526,0,0,364,"NW",562,1,17
3,83.3,2020-10-16,3,0.31767052,2,13,0,0,1,2,1,4.20656108856201,3.84040665626526,0,0,365,"SL",563,3,17
3.16666666666667,82.8,2020-10-17,4,0.276428351,2,5,1,0,1,3,1,3.39338397979736,3.89199662208557,0,0,366,"BR",564,4,18
2.33333333333333,92.4,2020-10-18,3,0.331304176,2,10,0,0,1,4,0,3.66638708114624,3.92589664459229,0,0,367,"NI",565,3,19
1,121.9,2020-10-19,4,0.332237663,2,3,0,0,1,5,0,4.03970050811768,3.97838234901428,0,0,368,"BY",567,4,20
1,121.9,2020-10-19,4,0.332237663,2,3,0,0,1,5,0,4.03970050811768,3.97838234901428,0,0,369,"BY",567,4,20
1.5,118.1,2020-10-19,3,0.239078888,2,8,0,0,1,5,0,4.24651479721069,3.97838234901428,0,0,370,"HE",569,1,20
1.5,118.1,2020-10-19,1,0.239078888,2,8,0,0,1,5,0,4.24651479721069,3.97838234901428,0,0,371,"HE",568,2,20
1,121.9,2020-10-21,1,0.332237663,2,3,0,0,1,7,0,4.27338027954102,4.16733407974243,0,0,372,"BY",312,1,22
1,121.9,2020-10-21,1,0.332237663,2,3,0,0,1,7,0,4.27338027954102,4.16733407974243,0,0,373,"BY",312,1,22
1,121.9,2020-10-21,1,0.332237663,2,3,0,0,1,7,0,4.27338027954102,4.16733407974243,0,0,374,"BY",312,1,22
2.66666666666667,102.9,2020-10-21,1,0.1736283,2,7,0,0,1,7,0,4.33374404907227,4.16733407974243,0,0,375,"HH",570,1,22
1,121.9,2020-10-21,1,0.332237663,2,3,0,0,1,7,0,4.27338027954102,4.16733407974243,0,0,376,"BY",312,1,22
1,121.9,2020-10-21,4,0.332237663,2,3,0,0,1,7,0,4.27338027954102,4.16733407974243,0,0,377,"BY",310,4,22
1,121.9,2020-10-22,3,0.332237663,2,3,0,0,1,8,0,4.37564516067505,4.27366018295288,0,0,378,"BY",571,4,23
0,76.8,2020-10-23,3,0.139124282,2,4,0,1,1,9,0,4.95515108108521,4.37090396881104,0,0,379,"BE",572,4,24
3,83.3,2020-10-26,3,0.31767052,2,13,0,0,1,12,1,4.78117990493774,4.57389497756958,0,0,380,"SL",573,3,27
2.2,72,2020-10-27,1,0.335727021,2,17,1,0,1,13,1,3.96601343154907,4.6517858505249,0,0,381,"TH",576,1,28
3.42857142857143,96.5,2020-10-27,1,0.258303035,2,16,0,0,1,13,1,3.7978515625,4.6517858505249,0,0,382,"SH",575,1,28
2.2,99.6,2020-10-27,4,0.273711263,2,11,0,0,1,13,1,4.88730621337891,4.6517858505249,0,0,383,"NW",574,4,28
2.66666666666667,71.1,2020-10-28,3,0.328826809,2,15,1,0,1,0,1,3.87685179710388,4.72774505615234,0,0,384,"ST",579,4,29
2.66666666666667,102.9,2020-10-28,1,0.1736283,2,7,0,0,1,0,1,4.98088359832764,4.72774505615234,0,0,385,"HH",235,1,29
2.33333333333333,92.4,2020-10-28,3,0.331304176,2,10,0,0,1,0,1,4.35607671737671,4.72774505615234,0,0,386,"NI",577,4,29
2.4,74.6,2020-10-28,3,0.313358469,2,14,1,0,1,0,1,4.77796459197998,4.72774505615234,0,0,387,"SN",578,3,29
2.66666666666667,102.9,2020-10-28,3,0.1736283,2,7,0,0,1,0,1,4.98088359832764,4.72774505615234,0,0,388,"HH",234,3,29
3.42857142857143,96.5,2020-10-29,3,0.258303035,2,16,0,0,1,1,1,3.89831614494324,4.78915929794312,0,0,389,"SH",213,4,30
1.5,118.1,2020-10-29,3,0.239078888,2,8,0,0,1,1,1,5.08518075942993,4.78915929794312,0,0,390,"HE",581,3,30
2.75,102.2,2020-10-29,2,0.332345665,2,12,0,0,1,1,1,4.61171340942383,4.78915929794312,0,0,391,"RP",582,3,30
2.75,74,2020-10-29,1,0.234348302,2,9,1,0,1,1,1,3.67008137702942,4.78915929794312,0,0,392,"MV",55,3,30
2.75,74,2020-10-29,2,0.234348302,2,9,1,0,1,1,1,3.67008137702942,4.78915929794312,0,0,393,"MV",54,1,30
3.42857142857143,96.5,2020-10-29,3,0.258303035,2,16,0,0,1,1,1,3.89831614494324,4.78915929794312,0,0,394,"SH",213,4,30
2.75,74,2020-10-29,3,0.234348302,2,9,1,0,1,1,1,3.67008137702942,4.78915929794312,0,0,395,"MV",51,3,30
2.75,74,2020-10-29,1,0.234348302,2,9,1,0,1,1,1,3.67008137702942,4.78915929794312,0,0,396,"MV",55,3,30
3.42857142857143,96.5,2020-10-29,3,0.258303035,2,16,0,0,1,1,1,3.89831614494324,4.78915929794312,0,0,397,"SH",213,4,30
1,121.9,2020-10-29,3,0.332237663,2,3,0,0,1,1,1,4.87772655487061,4.78915929794312,0,0,398,"BY",580,3,30
3.42857142857143,96.5,2020-10-29,3,0.258303035,2,16,0,0,1,1,1,3.89831614494324,4.78915929794312,0,0,399,"SH",213,4,30
2.75,74,2020-10-29,2,0.234348302,2,9,1,0,1,1,1,3.67008137702942,4.78915929794312,0,0,400,"MV",54,1,30
2.2,72,2020-10-29,3,0.335727021,2,17,1,0,1,1,1,4.06955432891846,4.78915929794312,0,0,401,"TH",584,3,30
1,121.9,2020-10-30,3,0.332237663,2,3,0,0,1,2,1,4.93762111663818,4.84146404266357,0,0,402,"BY",278,4,31
2.75,102.2,2020-10-30,3,0.332345665,2,12,0,0,1,2,1,4.70098400115967,4.84146404266357,0,0,403,"RP",104,3,31
1,121.9,2020-10-30,3,0.332237663,2,3,0,0,1,2,1,4.93762111663818,4.84146404266357,0,0,404,"BY",278,4,31
1,121.9,2020-10-30,3,0.332237663,2,3,0,0,1,2,1,4.93762111663818,4.84146404266357,0,0,405,"BY",278,4,31
2.75,102.2,2020-10-30,4,0.332345665,2,12,0,0,1,2,1,4.70098400115967,4.84146404266357,0,0,406,"RP",105,4,31
1,121.9,2020-10-30,3,0.332237663,2,3,0,0,1,2,1,4.93762111663818,4.84146404266357,0,0,407,"BY",278,4,31
1,121.9,2020-10-30,3,0.332237663,2,3,0,0,1,2,1,4.93762111663818,4.84146404266357,0,0,408,"BY",278,4,31
2.2,99.6,2020-10-30,4,0.273711263,2,11,0,0,1,2,1,5.08742141723633,4.84146404266357,0,0,409,"NW",588,4,31
2.33333333333333,92.4,2020-10-30,3,0.331304176,2,10,0,0,1,2,1,4.54693841934204,4.84146404266357,0,0,410,"NI",125,3,31
3.16666666666667,82.8,2020-10-30,3,0.276428351,2,5,1,0,1,2,1,4.32353162765503,4.84146404266357,0,0,411,"BR",585,3,31
1,121.9,2020-10-30,4,0.332237663,2,3,0,0,1,2,1,4.93762111663818,4.84146404266357,0,0,412,"BY",284,4,31
1,121.9,2020-10-30,3,0.332237663,2,3,0,0,1,2,1,4.93762111663818,4.84146404266357,0,0,413,"BY",278,4,31
1,111.5,2020-10-30,3,0.385996431,2,2,0,0,1,2,1,4.89090394973755,4.84146404266357,0,0,414,"BW",16,4,31
2.2,99.6,2020-10-30,3,0.273711263,2,11,0,0,1,2,1,5.08742141723633,4.84146404266357,0,0,415,"NW",587,3,31
2.33333333333333,92.4,2020-10-30,3,0.331304176,2,10,0,0,1,2,1,4.54693841934204,4.84146404266357,0,0,416,"NI",125,3,31
1,121.9,2020-10-30,3,0.332237663,2,3,0,0,1,2,1,4.93762111663818,4.84146404266357,0,0,417,"BY",278,4,31
1,121.9,2020-10-30,3,0.332237663,2,3,0,0,1,2,1,4.93762111663818,4.84146404266357,0,0,418,"BY",278,4,31
1,121.9,2020-10-30,3,0.332237663,2,3,0,0,1,2,1,4.93762111663818,4.84146404266357,0,0,419,"BY",278,4,31
2.33333333333333,92.4,2020-10-30,4,0.331304176,2,10,0,0,1,2,1,4.54693841934204,4.84146404266357,0,0,420,"NI",126,3,31
1.5,118.1,2020-10-31,3,0.239078888,2,8,0,0,1,3,1,5.11930322647095,4.86874437332153,0,0,421,"HE",151,3,32
3.14285714285714,70.9,2020-10-31,4,0.262452337,2,6,0,0,1,3,1,5.21778106689453,4.86874437332153,0,0,422,"HB",38,4,32
1.5,118.1,2020-10-31,3,0.239078888,2,8,0,0,1,3,1,5.11930322647095,4.86874437332153,0,0,423,"HE",151,3,32
1.5,118.1,2020-10-31,3,0.239078888,2,8,0,0,1,3,1,5.11930322647095,4.86874437332153,0,0,424,"HE",151,3,32
0,76.8,2020-11-01,3,0.139124282,2,4,0,1,1,4,0,5.25109338760376,4.89695978164673,0,0,425,"BE",88,3,33
0,76.8,2020-11-01,4,0.139124282,2,4,0,1,1,4,0,5.25109338760376,4.89695978164673,0,0,426,"BE",91,4,33
0,76.8,2020-11-01,3,0.139124282,2,4,0,1,1,4,0,5.25109338760376,4.89695978164673,0,0,427,"BE",88,3,33
0,76.8,2020-11-01,1,0.139124282,2,4,0,1,1,4,0,5.25109338760376,4.89695978164673,0,0,428,"BE",90,1,33
2.2,72,2020-11-03,3,0.335727021,2,17,1,0,1,6,0,4.22937631607056,4.95475435256958,0,0,429,"TH",229,1,35
3,83.3,2020-11-03,4,0.31767052,2,13,0,0,1,6,0,5.10692834854126,4.95475435256958,0,0,430,"SL",172,4,35
3,83.3,2020-11-03,3,0.31767052,2,13,0,0,1,6,0,5.10692834854126,4.95475435256958,0,0,431,"SL",176,3,35
2.66666666666667,71.1,2020-11-03,3,0.328826809,2,15,1,0,1,6,0,4.03950643539429,4.95475435256958,0,0,432,"ST",97,3,35
2.2,72,2020-11-03,3,0.335727021,2,17,1,0,1,6,0,4.22937631607056,4.95475435256958,0,0,433,"TH",229,1,35
2.2,72,2020-11-03,3,0.335727021,2,17,1,0,1,6,0,4.22937631607056,4.95475435256958,0,0,434,"TH",229,1,35
2.66666666666667,71.1,2020-11-03,3,0.328826809,2,15,1,0,1,6,0,4.03950643539429,4.95475435256958,0,0,435,"ST",97,3,35
3,83.3,2020-11-03,3,0.31767052,2,13,0,0,1,6,0,5.10692834854126,4.95475435256958,0,0,436,"SL",176,3,35
2.2,72,2020-11-03,4,0.335727021,2,17,1,0,1,6,0,4.22937631607056,4.95475435256958,0,0,437,"TH",230,3,35
3,83.3,2020-11-03,3,0.31767052,2,13,0,0,1,6,0,5.10692834854126,4.95475435256958,0,0,438,"SL",176,3,35
3,83.3,2020-11-03,3,0.31767052,2,13,0,0,1,6,0,5.10692834854126,4.95475435256958,0,0,439,"SL",176,3,35
2.66666666666667,71.1,2020-11-03,3,0.328826809,2,15,1,0,1,6,0,4.03950643539429,4.95475435256958,0,0,440,"ST",97,3,35
2.4,74.6,2020-11-04,3,0.313358469,2,14,1,0,1,7,0,5.19265031814575,4.97130870819092,0,0,441,"SN",246,3,36
2.4,74.6,2020-11-04,1,0.313358469,2,14,1,0,1,7,0,5.19265031814575,4.97130870819092,0,0,442,"SN",245,1,36
1,121.9,2020-11-04,4,0.332237663,2,3,0,0,1,7,0,5.12011623382568,4.97130870819092,0,0,443,"BY",589,4,36
2.4,74.6,2020-11-04,1,0.313358469,2,14,1,0,1,7,0,5.19265031814575,4.97130870819092,0,0,444,"SN",245,1,36
2.2,99.6,2020-11-04,1,0.273711263,2,11,0,0,1,7,0,5.20122671127319,4.97130870819092,0,0,445,"NW",908,1,36
2.2,72,2020-11-06,2,0.335727021,2,17,1,0,1,9,0,4.32692193984985,5.00911712646484,0,0,446,"TH",590,1,38
2.75,102.2,2020-11-11,3,0.332345665,2,12,0,0,1,14,0,4.97392606735229,5.04118967056274,0,0,447,"RP",106,3,43
2.75,74,2020-11-12,3,0.234348302,2,9,1,0,1,15,0,3.83993077278137,5.05082178115845,0,0,448,"MV",591,3,44
3.42857142857143,96.5,2020-11-14,3,0.258303035,2,16,0,0,1,17,1,4.04426097869873,5.04830074310303,0,0,449,"SH",593,2,46
2.4,74.6,2020-11-14,1,0.313358469,2,14,1,0,1,17,1,5.26618099212646,5.04830074310303,0,0,450,"SN",592,1,46
1,111.5,2020-11-15,2,0.385996431,2,2,0,0,1,18,1,5.02977752685547,5.03834676742554,0,0,451,"BW",594,3,47
2.75,74,2020-11-16,1,0.234348302,2,9,1,0,1,0,1,3.72697591781616,5.02818965911865,0,0,452,"MV",595,2,48
2.75,74,2020-11-17,4,0.234348302,2,9,1,0,1,1,1,3.79207491874695,5.03416109085083,0,0,453,"MV",596,4,49
2.75,74,2020-11-17,1,0.234348302,2,9,1,0,1,1,1,3.79207491874695,5.03416109085083,0,0,454,"MV",597,1,49
2.33333333333333,92.4,2020-11-17,1,0.331304176,2,10,0,0,1,1,1,4.68507528305054,5.03416109085083,0,0,455,"NI",599,1,49
2.75,74,2020-11-17,1,0.234348302,2,9,1,0,1,1,1,3.79207491874695,5.03416109085083,0,0,456,"MV",597,1,49
2.2,99.6,2020-11-18,2,0.273711263,2,11,0,0,1,2,1,5.1814284324646,5.04190683364868,0,0,457,"NW",600,1,50
2.66666666666667,102.9,2020-11-21,2,0.1736283,2,7,0,0,1,5,0,4.99526643753052,5.04289627075195,0,0,458,"HH",601,2,53
2.4,74.6,2020-11-22,4,0.313358469,2,14,1,0,1,6,1,5.43220615386963,5.04263114929199,0,0,459,"SN",602,4,54
3.42857142857143,96.5,2020-11-22,1,0.258303035,2,16,0,0,1,6,1,3.88519644737244,5.04263114929199,0,0,460,"SH",603,2,54
3.42857142857143,96.5,2020-11-23,1,0.258303035,2,16,0,0,1,7,1,3.90193009376526,5.04552412033081,0,0,461,"SH",607,1,55
1,111.5,2020-11-23,4,0.385996431,2,2,0,0,1,7,1,5.04272842407227,5.04552412033081,0,0,462,"BW",604,3,55
2.75,74,2020-11-23,4,0.234348302,2,9,1,0,1,7,1,3.88432455062866,5.04552412033081,0,0,463,"MV",605,4,55
2.66666666666667,71.1,2020-11-23,3,0.328826809,2,15,1,0,1,7,1,4.45034599304199,5.04552412033081,0,0,464,"ST",606,3,55
0,76.8,2020-11-24,2,0.139124282,2,4,0,1,1,8,1,5.51672220230103,5.03794765472412,0,0,465,"BE",608,2,56
1.5,118.1,2020-11-25,3,0.239078888,2,8,0,0,1,0,1,5.1535587310791,5.02488136291504,0,0,466,"HE",609,3,57
2.2,99.6,2020-11-25,4,0.273711263,2,11,0,0,1,0,1,5.10925340652466,5.02488136291504,0,0,467,"NW",610,3,57
2.2,99.6,2020-11-26,3,0.273711263,2,11,0,0,1,1,1,5.07113170623779,5.01697063446045,0,0,468,"NW",944,3,58
2.2,99.6,2020-11-26,3,0.273711263,2,11,0,0,1,1,1,5.07113170623779,5.01697063446045,0,0,469,"NW",944,3,58
2.2,99.6,2020-11-26,1,0.273711263,2,11,0,0,1,1,1,5.07113170623779,5.01697063446045,0,0,470,"NW",946,1,58
3.42857142857143,96.5,2020-11-26,1,0.258303035,2,16,0,0,1,1,1,3.91055083274841,5.01697063446045,0,0,471,"SH",614,1,58
3.14285714285714,70.9,2020-11-26,1,0.262452337,2,6,0,0,1,1,1,4.90109491348267,5.01697063446045,0,0,472,"HB",612,1,58
3.42857142857143,96.5,2020-11-26,1,0.258303035,2,16,0,0,1,1,1,3.91055083274841,5.01697063446045,0,0,473,"SH",614,1,58
3.14285714285714,70.9,2020-11-26,4,0.262452337,2,6,0,0,1,1,1,4.90109491348267,5.01697063446045,0,0,474,"HB",613,4,58
3.16666666666667,82.8,2020-11-26,3,0.276428351,2,5,1,0,1,1,1,4.91359424591064,5.01697063446045,0,0,475,"BR",611,3,58
3.42857142857143,96.5,2020-11-27,1,0.258303035,2,16,0,0,1,2,1,3.88004755973816,4.99954414367676,0,0,476,"SH",220,1,59
1,121.9,2020-11-27,3,0.332237663,2,3,0,0,1,2,1,5.26875686645508,4.99954414367676,0,0,477,"BY",4,4,59
3.42857142857143,96.5,2020-11-27,1,0.258303035,2,16,0,0,1,2,1,3.88004755973816,4.99954414367676,0,0,478,"SH",220,1,59
1,121.9,2020-11-27,3,0.332237663,2,3,0,0,1,2,1,5.26875686645508,4.99954414367676,0,0,479,"BY",4,4,59
1,121.9,2020-11-27,3,0.332237663,2,3,0,0,1,2,1,5.26875686645508,4.99954414367676,0,0,480,"BY",4,4,59
1,121.9,2020-11-27,3,0.332237663,2,3,0,0,1,2,1,5.26875686645508,4.99954414367676,0,0,481,"BY",4,4,59
1,121.9,2020-11-27,3,0.332237663,2,3,0,0,1,2,1,5.26875686645508,4.99954414367676,0,0,482,"BY",4,4,59
2.75,74,2020-11-27,3,0.234348302,2,9,1,0,1,2,1,3.83591747283936,4.99954414367676,0,0,483,"MV",56,3,59
3.42857142857143,96.5,2020-11-27,1,0.258303035,2,16,0,0,1,2,1,3.88004755973816,4.99954414367676,0,0,484,"SH",220,1,59
3.42857142857143,96.5,2020-11-27,1,0.258303035,2,16,0,0,1,2,1,3.88004755973816,4.99954414367676,0,0,485,"SH",220,1,59
3.42857142857143,96.5,2020-11-27,3,0.258303035,2,16,0,0,1,2,1,3.88004755973816,4.99954414367676,0,0,486,"SH",221,3,59
1,121.9,2020-11-27,3,0.332237663,2,3,0,0,1,2,1,5.26875686645508,4.99954414367676,0,0,487,"BY",4,4,59
2.66666666666667,102.9,2020-11-27,3,0.1736283,2,7,0,0,1,2,1,4.59652233123779,4.99954414367676,0,0,488,"HH",616,3,59
3.42857142857143,96.5,2020-11-27,3,0.258303035,2,16,0,0,1,2,1,3.88004755973816,4.99954414367676,0,0,489,"SH",221,3,59
1,121.9,2020-11-27,1,0.332237663,2,3,0,0,1,2,1,5.26875686645508,4.99954414367676,0,0,490,"BY",5,1,59
2.33333333333333,92.4,2020-11-30,1,0.331304176,2,10,0,0,1,5,1,4.48307180404663,4.98620176315308,0,0,491,"NI",138,3,62
2.33333333333333,92.4,2020-11-30,1,0.331304176,2,10,0,0,1,5,1,4.48307180404663,4.98620176315308,0,0,492,"NI",138,3,62
3.14285714285714,70.9,2020-11-30,3,0.262452337,2,6,0,0,1,5,1,4.79509925842285,4.98620176315308,0,0,493,"HB",40,3,62
2.33333333333333,92.4,2020-11-30,2,0.331304176,2,10,0,0,1,5,1,4.48307180404663,4.98620176315308,0,0,494,"NI",137,3,62
3.14285714285714,70.9,2020-11-30,1,0.262452337,2,6,0,0,1,5,1,4.79509925842285,4.98620176315308,0,0,495,"HB",39,3,62
2.33333333333333,92.4,2020-11-30,3,0.331304176,2,10,0,0,1,5,1,4.48307180404663,4.98620176315308,0,0,496,"NI",139,3,62
2.33333333333333,92.4,2020-11-30,3,0.331304176,2,10,0,0,1,5,1,4.48307180404663,4.98620176315308,0,0,497,"NI",139,3,62
3,83.3,2020-12-01,3,0.31767052,2,13,0,0,1,6,1,4.83824491500854,4.98469305038452,0,0,498,"SL",179,3,63
3,83.3,2020-12-01,3,0.31767052,2,13,0,0,1,6,1,4.83824491500854,4.98469305038452,0,0,499,"SL",179,3,63
3,83.3,2020-12-01,4,0.31767052,2,13,0,0,1,6,1,4.83824491500854,4.98469305038452,0,0,500,"SL",178,4,63
0,76.8,2020-12-02,1,0.139124282,2,4,0,1,1,0,1,5.33269023895264,4.99418783187866,0,0,501,"BE",617,1,64
2.4,74.6,2020-12-03,1,0.313358469,2,14,1,0,1,1,1,5.82610559463501,5.00777101516724,0,0,502,"SN",620,1,65
3.16666666666667,82.8,2020-12-03,3,0.276428351,2,5,1,0,1,1,1,4.96887302398682,5.00777101516724,0,0,503,"BR",618,3,65
2.75,74,2020-12-03,1,0.234348302,2,9,1,0,1,1,1,3.86498165130615,5.00777101516724,0,0,504,"MV",619,1,65
2.33333333333333,92.4,2020-12-06,1,0.331304176,2,10,0,0,1,4,0,4.44003200531006,5.041579246521,0,0,505,"NI",622,3,68
2.66666666666667,102.9,2020-12-06,2,0.1736283,2,7,0,0,1,4,0,4.8735089302063,5.041579246521,0,0,506,"HH",621,1,68
0,76.8,2020-12-07,2,0.139124282,2,4,0,1,1,5,0,5.38472414016724,5.06588649749756,0,0,507,"BE",624,1,69
2.66666666666667,102.9,2020-12-07,2,0.1736283,2,7,0,0,1,5,0,4.8577036857605,5.06588649749756,0,0,508,"HH",625,1,69
1.5,118.1,2020-12-07,1,0.239078888,2,8,0,0,1,5,0,5.10853052139282,5.06588649749756,0,0,509,"HE",626,1,69
1,121.9,2020-12-07,1,0.332237663,2,3,0,0,1,5,0,5.28935527801514,5.06588649749756,0,0,510,"BY",623,1,69
2.75,102.2,2020-12-07,1,0.332345665,2,12,0,0,1,5,0,4.98512983322144,5.06588649749756,0,0,511,"RP",627,1,69
3,83.3,2020-12-07,3,0.31767052,2,13,0,0,1,5,0,4.94487237930298,5.06588649749756,0,0,512,"SL",628,4,69
1,121.9,2020-12-08,3,0.332237663,2,3,0,0,1,6,0,5.31554126739502,5.09271049499512,0,0,513,"BY",270,3,70
1,121.9,2020-12-08,1,0.332237663,2,3,0,0,1,6,0,5.31554126739502,5.09271049499512,0,0,514,"BY",268,1,70
2.75,102.2,2020-12-08,1,0.332345665,2,12,0,0,1,6,0,4.98495864868164,5.09271049499512,0,0,515,"RP",631,4,70
1,121.9,2020-12-08,1,0.332237663,2,3,0,0,1,6,0,5.31554126739502,5.09271049499512,0,0,516,"BY",268,1,70
1.5,118.1,2020-12-08,4,0.239078888,2,8,0,0,1,6,0,5.15510559082031,5.09271049499512,0,0,517,"HE",156,2,70
1.5,118.1,2020-12-08,3,0.239078888,2,8,0,0,1,6,0,5.15510559082031,5.09271049499512,0,0,518,"HE",159,3,70
1.5,118.1,2020-12-08,1,0.239078888,2,8,0,0,1,6,0,5.15510559082031,5.09271049499512,0,0,519,"HE",157,1,70
1.5,118.1,2020-12-08,3,0.239078888,2,8,0,0,1,6,0,5.15510559082031,5.09271049499512,0,0,520,"HE",159,3,70
1,121.9,2020-12-08,1,0.332237663,2,3,0,0,1,6,0,5.31554126739502,5.09271049499512,0,0,521,"BY",268,1,70
1.5,118.1,2020-12-08,1,0.239078888,2,8,0,0,1,6,0,5.15510559082031,5.09271049499512,0,0,522,"HE",157,1,70
0,76.8,2020-12-08,4,0.139124282,2,4,0,1,1,6,0,5.4008903503418,5.09271049499512,0,0,523,"BE",629,4,70
3.16666666666667,82.8,2020-12-08,3,0.276428351,2,5,1,0,1,6,0,5.04330444335938,5.09271049499512,0,0,524,"BR",630,3,70
1.5,118.1,2020-12-08,3,0.239078888,2,8,0,0,1,6,0,5.15510559082031,5.09271049499512,0,0,525,"HE",159,3,70
1.5,118.1,2020-12-08,1,0.239078888,2,8,0,0,1,6,0,5.15510559082031,5.09271049499512,0,0,526,"HE",157,1,70
1.5,118.1,2020-12-08,3,0.239078888,2,8,0,0,1,6,0,5.15510559082031,5.09271049499512,0,0,527,"HE",159,3,70
1.5,118.1,2020-12-08,3,0.239078888,2,8,0,0,1,6,0,5.15510559082031,5.09271049499512,0,0,528,"HE",159,3,70
1,121.9,2020-12-08,3,0.332237663,2,3,0,0,1,6,0,5.31554126739502,5.09271049499512,0,0,529,"BY",270,3,70
2.2,99.6,2020-12-09,4,0.273711263,2,11,0,0,1,7,0,5.07034397125244,5.12500667572021,0,0,530,"NW",632,3,71
3.42857142857143,96.5,2020-12-09,1,0.258303035,2,16,0,0,1,7,0,4.14252519607544,5.12500667572021,0,0,531,"SH",633,1,71
2.75,74,2020-12-10,4,0.234348302,2,9,1,0,1,8,1,4.27995014190674,5.15753555297852,0,0,532,"MV",637,4,72
0,76.8,2020-12-10,1,0.139124282,2,4,0,1,1,8,1,5.44092226028442,5.15753555297852,0,0,533,"BE",636,1,72
2.33333333333333,92.4,2020-12-10,4,0.331304176,2,10,0,0,1,8,1,4.55074691772461,5.15753555297852,0,0,534,"NI",638,4,72
1,111.5,2020-12-10,1,0.385996431,2,2,0,0,1,8,1,5.25722789764404,5.15753555297852,0,0,535,"BW",634,3,72
2.75,102.2,2020-12-10,1,0.332345665,2,12,0,0,1,8,1,5.05927467346191,5.15753555297852,0,0,536,"RP",639,1,72
1,121.9,2020-12-10,4,0.332237663,2,3,0,0,1,8,1,5.35273838043213,5.15753555297852,0,0,537,"BY",635,4,72
3,83.3,2020-12-11,3,0.31767052,2,13,0,0,1,9,1,5.22612380981445,5.1917405128479,0,0,538,"SL",644,4,73
2.2,99.6,2020-12-11,3,0.273711263,2,11,0,0,1,9,1,5.15190076828003,5.1917405128479,0,0,539,"NW",643,4,73
1.5,118.1,2020-12-11,3,0.239078888,2,8,0,0,1,9,1,5.24574947357178,5.1917405128479,0,0,540,"HE",642,4,73
2.4,74.6,2020-12-11,3,0.313358469,2,14,1,0,1,9,1,6.00716638565063,5.1917405128479,0,0,541,"SN",645,2,73
1,111.5,2020-12-11,1,0.385996431,2,2,0,0,1,9,1,5.28457164764404,5.1917405128479,0,0,542,"BW",640,1,73
3.42857142857143,96.5,2020-12-11,3,0.258303035,2,16,0,0,1,9,1,4.33116054534912,5.1917405128479,0,0,543,"SH",646,3,73
3.42857142857143,96.5,2020-12-11,1,0.258303035,2,16,0,0,1,9,1,4.33116054534912,5.1917405128479,0,0,544,"SH",647,1,73
1,111.5,2020-12-11,1,0.385996431,2,2,0,0,1,9,1,5.28457164764404,5.1917405128479,0,0,545,"BW",640,1,73
2.2,72,2020-12-12,3,0.335727021,2,17,1,0,1,10,1,5.50106382369995,5.22405433654785,0,0,546,"TH",649,4,74
2.4,74.6,2020-12-12,1,0.313358469,2,14,1,0,1,10,1,6.06954479217529,5.22405433654785,0,0,547,"SN",648,1,74
2.75,74,2020-12-13,3,0.234348302,2,9,1,0,1,0,1,4.50464010238647,5.23869228363037,0,0,548,"MV",651,3,75
2.66666666666667,71.1,2020-12-13,3,0.328826809,2,15,1,0,1,0,1,5.08299589157104,5.23869228363037,0,0,549,"ST",652,3,75
1,121.9,2020-12-13,1,0.332237663,2,3,0,0,1,0,1,5.42339992523193,5.23869228363037,0,0,550,"BY",650,1,75
0,76.8,2020-12-14,3,0.139124282,2,4,0,1,1,1,1,5.45348501205444,5.25533151626587,0,0,551,"BE",653,1,76
3.16666666666667,82.8,2020-12-14,3,0.276428351,2,5,1,0,1,1,1,5.29043531417847,5.25533151626587,0,0,552,"BR",654,3,76
2.66666666666667,102.9,2020-12-14,3,0.1736283,2,7,0,0,1,1,1,5.0538125038147,5.25533151626587,0,0,553,"HH",655,3,76
1,111.5,2020-12-14,3,0.385996431,2,2,0,0,1,1,1,5.35059833526611,5.25533151626587,0,0,554,"BW",17,3,76
2.75,102.2,2020-12-15,3,0.332345665,2,12,0,0,1,2,1,5.1832103729248,5.28089046478271,0,0,555,"RP",107,3,77
1,121.9,2020-12-15,3,0.332237663,2,3,0,0,1,2,1,5.44539928436279,5.28089046478271,0,0,556,"BY",274,3,77
1,121.9,2020-12-15,1,0.332237663,2,3,0,0,1,2,1,5.44539928436279,5.28089046478271,0,0,557,"BY",277,1,77
1,121.9,2020-12-15,3,0.332237663,2,3,0,0,1,2,1,5.44539928436279,5.28089046478271,0,0,558,"BY",274,3,77
2.2,99.6,2020-12-15,3,0.273711263,2,11,0,0,1,2,1,5.22054815292358,5.28089046478271,0,0,559,"NW",942,3,77
2.2,99.6,2020-12-15,3,0.273711263,2,11,0,0,1,2,1,5.22054815292358,5.28089046478271,0,0,560,"NW",942,3,77
3,83.3,2020-12-15,3,0.31767052,2,13,0,0,1,2,1,5.3292236328125,5.28089046478271,0,0,561,"SL",656,3,77
1,121.9,2020-12-15,3,0.332237663,2,3,0,0,1,2,1,5.44539928436279,5.28089046478271,0,0,562,"BY",274,3,77
1,121.9,2020-12-15,3,0.332237663,2,3,0,0,1,2,1,5.44539928436279,5.28089046478271,0,0,563,"BY",274,3,77
2.75,74,2020-12-15,3,0.234348302,2,9,1,0,1,2,1,4.56655693054199,5.28089046478271,0,0,564,"MV",57,3,77
2.75,74,2020-12-15,4,0.234348302,2,9,1,0,1,2,1,4.56655693054199,5.28089046478271,0,0,565,"MV",58,4,77
3,83.3,2020-12-16,3,0.31767052,2,13,0,0,1,3,1,5.30069255828857,5.30353498458862,0,0,566,"SL",181,3,78
2.66666666666667,102.9,2020-12-16,3,0.1736283,2,7,0,0,1,3,1,5.13635540008545,5.30353498458862,0,0,567,"HH",233,3,78
2.66666666666667,102.9,2020-12-16,3,0.1736283,2,7,0,0,1,3,1,5.13635540008545,5.30353498458862,0,0,568,"HH",233,3,78
3,83.3,2020-12-16,4,0.31767052,2,13,0,0,1,3,1,5.30069255828857,5.30353498458862,0,0,569,"SL",180,4,78
3.42857142857143,96.5,2020-12-19,2,0.258303035,2,16,0,0,1,6,0,4.61578512191772,5.341796875,0,0,570,"SH",657,1,81
1,121.9,2020-12-20,4,0.332237663,2,3,0,0,1,7,0,5.46573114395142,5.34988880157471,0,0,571,"BY",658,4,82
2.33333333333333,92.4,2020-12-21,1,0.331304176,2,10,0,0,1,8,0,4.82000064849854,5.35678958892822,0,0,572,"NI",659,2,83
3.16666666666667,82.8,2020-12-24,3,0.276428351,2,5,1,0,1,11,0,5.57898950576782,5.32103204727173,0,0,573,"BR",660,3,86
2.75,74,2020-12-28,3,0.234348302,2,9,1,0,1,15,0,4.36243724822998,5.08720636367798,0,0,574,"MV",661,4,90
2.2,72,2021-01-03,1,0.335727021,2,17,1,0,1,21,1,5.52775144577026,4.99928379058838,0,0,575,"TH",662,1,96
2.66666666666667,102.9,2021-01-04,3,0.1736283,2,7,0,0,1,22,1,5.02957773208618,4.98784065246582,0,0,576,"HH",663,3,97
2.66666666666667,102.9,2021-01-05,3,0.1736283,2,7,0,0,1,0,1,5.04214715957642,4.98709964752197,0,0,577,"HH",666,1,98
2.4,74.6,2021-01-05,3,0.313358469,2,14,1,0,1,0,1,5.80916786193848,4.98709964752197,0,0,578,"SN",668,3,98
3.14285714285714,70.9,2021-01-05,3,0.262452337,2,6,0,0,1,0,1,4.34347724914551,4.98709964752197,0,0,579,"HB",665,3,98
1.5,118.1,2021-01-05,3,0.239078888,2,8,0,0,1,0,1,4.97394275665283,4.98709964752197,0,0,580,"HE",667,1,98
3.16666666666667,82.8,2021-01-05,3,0.276428351,2,5,1,0,1,0,1,5.44473266601562,4.98709964752197,0,0,581,"BR",664,3,98
2.4,74.6,2021-01-05,3,0.313358469,2,14,1,0,1,0,1,5.80916786193848,4.98709964752197,0,0,582,"SN",668,3,98
3.42857142857143,96.5,2021-01-05,1,0.258303035,2,16,0,0,1,0,1,4.37301540374756,4.98709964752197,0,0,583,"SH",670,1,98
1,111.5,2021-01-06,1,0.385996431,2,2,0,0,1,1,1,4.85404539108276,4.96124696731567,0,0,584,"BW",671,2,99
3.42857142857143,96.5,2021-01-06,3,0.258303035,2,16,0,0,1,1,1,4.40318632125854,4.96124696731567,0,0,585,"SH",674,3,99
3.14285714285714,70.9,2021-01-06,1,0.262452337,2,6,0,0,1,1,1,4.33546113967896,4.96124696731567,0,0,586,"HB",673,1,99
0,76.8,2021-01-06,3,0.139124282,2,4,0,1,1,1,1,5.0710301399231,4.96124696731567,0,0,587,"BE",672,3,99
2.75,74,2021-01-07,4,0.234348302,2,9,1,0,1,2,1,4.71839904785156,5.01521110534668,0,0,588,"MV",59,4,100
2.75,74,2021-01-07,3,0.234348302,2,9,1,0,1,2,1,4.71839904785156,5.01521110534668,0,0,589,"MV",60,3,100
3.42857142857143,96.5,2021-01-07,1,0.258303035,2,16,0,0,1,2,1,4.45637893676758,5.01521110534668,0,0,590,"SH",206,3,100
2.75,74,2021-01-07,1,0.234348302,2,9,1,0,1,2,1,4.71839904785156,5.01521110534668,0,0,591,"MV",61,1,100
3.42857142857143,96.5,2021-01-07,3,0.258303035,2,16,0,0,1,2,1,4.45637893676758,5.01521110534668,0,0,592,"SH",205,1,100
1.5,118.1,2021-01-07,1,0.239078888,2,8,0,0,1,2,1,4.98762989044189,5.01521110534668,0,0,593,"HE",675,1,100
2.4,74.6,2021-01-07,4,0.313358469,2,14,1,0,1,2,1,5.86040925979614,5.01521110534668,0,0,594,"SN",676,4,100
1,111.5,2021-01-08,4,0.385996431,2,2,0,0,1,3,1,4.94488477706909,5.12359285354614,0,0,595,"BW",19,1,101
3,83.3,2021-01-08,4,0.31767052,2,13,0,0,1,3,1,5.1554012298584,5.12359285354614,0,0,596,"SL",677,4,101
1,111.5,2021-01-08,1,0.385996431,2,2,0,0,1,3,1,4.94488477706909,5.12359285354614,0,0,597,"BW",18,1,101
2.2,72,2021-01-08,4,0.335727021,2,17,1,0,1,3,1,5.72282600402832,5.12359285354614,0,0,598,"TH",678,4,101
2.2,99.6,2021-01-09,3,0.273711263,2,11,0,0,1,4,0,5.055335521698,5.17013311386108,0,0,599,"NW",680,2,102
1,121.9,2021-01-09,4,0.332237663,2,3,0,0,1,4,0,5.19641447067261,5.17013311386108,0,0,600,"BY",679,4,102
2.66666666666667,102.9,2021-01-11,3,0.1736283,2,7,0,0,1,6,0,5.0782036781311,5.16203117370605,0,0,601,"HH",681,4,104
2.2,99.6,2021-01-12,2,0.273711263,2,11,0,0,1,7,0,5.00593423843384,5.12782859802246,0,0,602,"NW",939,2,105
2.2,99.6,2021-01-12,3,0.273711263,2,11,0,0,1,7,0,5.00593423843384,5.12782859802246,0,0,603,"NW",938,1,105
2.2,99.6,2021-01-12,3,0.273711263,2,11,0,0,1,7,0,5.00593423843384,5.12782859802246,0,0,604,"NW",938,1,105
3.42857142857143,96.5,2021-01-12,1,0.258303035,2,16,0,0,1,7,0,4.58163976669312,5.12782859802246,0,0,605,"SH",682,1,105
2.2,99.6,2021-01-12,3,0.273711263,2,11,0,0,1,7,0,5.00593423843384,5.12782859802246,0,0,606,"NW",938,1,105
2.2,99.6,2021-01-12,3,0.273711263,2,11,0,0,1,7,0,5.00593423843384,5.12782859802246,0,0,607,"NW",938,1,105
1,121.9,2021-01-13,2,0.332237663,2,3,0,0,1,8,0,5.16580772399902,5.10002470016479,0,0,608,"BY",683,1,106
2.75,74,2021-01-14,4,0.234348302,2,9,1,0,1,9,0,4.83055830001831,5.05718994140625,0,0,609,"MV",684,4,107
2.4,74.6,2021-01-14,3,0.313358469,2,14,1,0,1,9,0,5.72118139266968,5.05718994140625,0,0,610,"SN",685,3,107
1.5,118.1,2021-01-15,3,0.239078888,2,8,0,0,1,10,0,4.97057867050171,5.00816631317139,-10.9973917007446,-6.74355840682983,611,"HE",686,2,108
2.2,72,2021-01-15,1,0.335727021,2,17,1,0,1,10,0,5.61467218399048,5.00816631317139,0,-6.74355840682983,612,"TH",687,2,108
1,121.9,2021-01-17,4,0.332237663,2,3,0,0,1,12,0,5.02899503707886,4.96609306335449,-3.75124907493591,-3.75997757911682,613,"BY",688,4,110
2.66666666666667,71.1,2021-01-18,3,0.328826809,2,15,1,0,1,13,0,5.43385171890259,4.92905282974243,-2.25687789916992,-3.16297245025635,614,"ST",689,3,111
2.33333333333333,92.4,2021-01-18,4,0.331304176,2,10,0,0,1,13,0,4.67673206329346,4.92905282974243,-4.51993799209595,-3.16297245025635,615,"NI",691,4,111
3.14285714285714,70.9,2021-01-18,4,0.262452337,2,6,0,0,1,13,0,4.46015071868896,4.92905282974243,-2.77453112602234,-3.16297245025635,616,"HB",690,4,111
3.42857142857143,96.5,2021-01-18,2,0.258303035,2,16,0,0,1,13,0,4.49139881134033,4.92905282974243,-3.78795337677002,-3.16297245025635,617,"SH",692,2,111
2.2,72,2021-01-19,3,0.335727021,2,17,1,0,1,14,0,5.50682973861694,4.89237213134766,-3.94150829315186,-2.45523262023926,618,"TH",696,4,112
2.75,74,2021-01-19,1,0.234348302,2,9,1,0,1,14,0,4.78127241134644,4.89237213134766,-2.20388150215149,-2.45523262023926,619,"MV",695,2,112
1.5,118.1,2021-01-19,3,0.239078888,2,8,0,0,1,14,0,4.88231992721558,4.89237213134766,-1.97796952724457,-2.45523262023926,620,"HE",694,3,112
0,76.8,2021-01-19,2,0.139124282,2,4,0,1,1,14,0,5.03413963317871,4.89237213134766,-1.58302044868469,-2.45523262023926,621,"BE",693,2,112
3.42857142857143,96.5,2021-01-20,1,0.258303035,2,16,0,0,1,15,0,4.51238584518433,4.84946966171265,-3.18641662597656,-1.89074492454529,622,"SH",212,1,113
3.42857142857143,96.5,2021-01-20,3,0.258303035,2,16,0,0,1,15,0,4.51238584518433,4.84946966171265,-3.18641662597656,-1.89074492454529,623,"SH",207,1,113
2.66666666666667,71.1,2021-01-20,3,0.328826809,2,15,1,0,1,15,0,5.36489963531494,4.84946966171265,-1.29199588298798,-1.89074492454529,624,"ST",697,3,113
3.42857142857143,96.5,2021-01-20,3,0.258303035,2,16,0,0,1,15,0,4.51238584518433,4.84946966171265,-3.18641662597656,-1.89074492454529,625,"SH",207,1,113
3.42857142857143,96.5,2021-01-20,2,0.258303035,2,16,0,0,1,15,0,4.51238584518433,4.84946966171265,-3.18641662597656,-1.89074492454529,626,"SH",209,1,113
3.42857142857143,96.5,2021-01-20,3,0.258303035,2,16,0,0,1,15,0,4.51238584518433,4.84946966171265,-3.18641662597656,-1.89074492454529,627,"SH",207,1,113
3.16666666666667,82.8,2021-01-20,3,0.276428351,2,5,1,0,1,15,0,5.49347257614136,4.84946966171265,-2.29924345016479,-1.89074492454529,628,"BR",701,3,113
0,76.8,2021-01-20,3,0.139124282,2,4,0,1,1,15,0,4.9689679145813,4.84946966171265,-1.19420957565308,-1.89074492454529,629,"BE",700,3,113
2.75,74,2021-01-20,1,0.234348302,2,9,1,0,1,15,0,4.7468318939209,4.84946966171265,-1.65225648880005,-1.89074492454529,630,"MV",703,1,113
1,111.5,2021-01-20,1,0.385996431,2,2,0,0,1,15,0,4.70079898834229,4.84946966171265,-2.15535998344421,-1.89074492454529,631,"BW",698,2,113
3.42857142857143,96.5,2021-01-20,1,0.258303035,2,16,0,0,1,15,0,4.51238584518433,4.84946966171265,-3.18641662597656,-1.89074492454529,632,"SH",212,1,113
1,111.5,2021-01-20,1,0.385996431,2,2,0,0,1,15,0,4.70079898834229,4.84946966171265,-2.15535998344421,-1.89074492454529,633,"BW",698,2,113
3.14285714285714,70.9,2021-01-20,3,0.262452337,2,6,0,0,1,15,0,4.380699634552,4.84946966171265,-1.64201724529266,-1.89074492454529,634,"HB",702,3,113
2.75,74,2021-01-21,1,0.234348302,2,9,1,0,1,16,0,4.69426107406616,4.81507205963135,-1.50652265548706,-1.60659873485565,635,"MV",62,1,114
1,111.5,2021-01-21,3,0.385996431,2,2,0,0,1,16,0,4.68013429641724,4.81507205963135,-1.86373496055603,-1.60659873485565,636,"BW",21,3,114
2.75,74,2021-01-21,3,0.234348302,2,9,1,0,1,16,0,4.69426107406616,4.81507205963135,-1.50652265548706,-1.60659873485565,637,"MV",63,3,114
1,111.5,2021-01-21,3,0.385996431,2,2,0,0,1,16,0,4.68013429641724,4.81507205963135,-1.86373496055603,-1.60659873485565,638,"BW",21,3,114
2.33333333333333,92.4,2021-01-22,3,0.331304176,2,10,0,0,1,17,0,4.58254623413086,4.78251457214355,-2.93463778495789,-1.4223176240921,639,"NI",NA,3,115
3.14285714285714,70.9,2021-01-22,3,0.262452337,2,6,0,0,1,17,0,4.40539264678955,4.78251457214355,-1.28701043128967,-1.4223176240921,640,"HB",41,3,115
2.33333333333333,92.4,2021-01-22,1,0.331304176,2,10,0,0,1,17,0,4.58254623413086,4.78251457214355,-2.93463778495789,-1.4223176240921,641,"NI",NA,1,115
3,83.3,2021-01-22,3,0.31767052,2,13,0,0,1,17,0,4.70176601409912,4.78251457214355,-1.12601757049561,-1.4223176240921,642,"SL",189,3,115
3.42857142857143,96.5,2021-01-26,1,0.258303035,2,16,0,0,1,21,0,4.58237075805664,4.68942832946777,-1.84429895877838,-0.849071085453033,643,"SH",704,2,119
2.2,99.6,2021-01-27,3,0.273711263,2,11,0,0,1,22,0,4.57705354690552,4.64802598953247,-0.451260089874268,-0.696333944797516,644,"NW",935,3,120
2.2,99.6,2021-01-27,3,0.273711263,2,11,0,0,1,22,0,4.57705354690552,4.64802598953247,-0.451260089874268,-0.696333944797516,645,"NW",935,3,120
2.2,99.6,2021-01-27,1,0.273711263,2,11,0,0,1,22,0,4.57705354690552,4.64802598953247,-0.451260089874268,-0.696333944797516,646,"NW",934,3,120
1,111.5,2021-01-27,1,0.385996431,2,2,0,0,1,22,0,4.4713306427002,4.64802598953247,-0.871982753276825,-0.696333944797516,647,"BW",705,2,120
2.2,99.6,2021-01-27,1,0.273711263,2,11,0,0,1,22,0,4.57705354690552,4.64802598953247,-0.451260089874268,-0.696333944797516,648,"NW",934,3,120
2.33333333333333,92.4,2021-01-28,3,0.331304176,2,10,0,0,1,23,0,4.42305517196655,4.6072211265564,-0.829966962337494,-0.591261446475983,649,"NI",706,3,121
2.75,102.2,2021-01-28,3,0.332345665,2,12,0,0,1,23,0,4.56062984466553,4.6072211265564,-1.21290385723114,-0.591261446475983,650,"RP",707,3,121
2.75,102.2,2021-01-28,3,0.332345665,2,12,0,0,1,23,0,4.56062984466553,4.6072211265564,-1.21290385723114,-0.591261446475983,651,"RP",707,3,121
2.66666666666667,71.1,2021-01-30,4,0.328826809,2,15,1,0,1,25,0,5.09217309951782,4.55673599243164,-0.279021382331848,-0.37384158372879,652,"ST",708,4,123
2.66666666666667,102.9,2021-01-31,4,0.1736283,2,7,0,0,1,26,0,4.50822019577026,4.54649209976196,-0.36178320646286,-0.320145428180695,653,"HH",709,4,124
1,121.9,2021-02-01,4,0.332237663,2,3,0,0,1,27,0,4.59937715530396,4.53509473800659,0.0549707822501659,-0.22186017036438,654,"BY",710,4,125
3.16666666666667,82.8,2021-02-01,4,0.276428351,2,5,1,0,1,27,0,4.88322448730469,4.53509473800659,-0.5603306889534,-0.22186017036438,655,"BR",711,4,125
1.5,118.1,2021-02-02,3,0.239078888,2,8,0,0,1,28,0,4.54782581329346,4.49261093139648,-0.0624112263321877,-0.125162601470947,656,"HE",163,3,126
1.5,118.1,2021-02-02,3,0.239078888,2,8,0,0,1,28,0,4.54782581329346,4.49261093139648,-0.0624112263321877,-0.125162601470947,657,"HE",163,3,126
1.5,118.1,2021-02-02,4,0.239078888,2,8,0,0,1,28,0,4.54782581329346,4.49261093139648,-0.0624112263321877,-0.125162601470947,658,"HE",164,3,126
2.2,72,2021-02-05,1,0.335727021,2,17,1,0,1,31,0,4.98036527633667,4.39643239974976,0.023040235042572,0.168201014399529,659,"TH",713,2,129
2.4,74.6,2021-02-05,3,0.313358469,2,14,1,0,1,31,0,4.71858358383179,4.39643239974976,-0.0643936693668365,0.168201014399529,660,"SN",712,3,129
2.75,74,2021-02-08,3,0.234348302,2,9,1,0,1,34,1,4.42682695388794,4.3295521736145,0.348040163516998,0.29301118850708,661,"MV",714,4,132
2.75,102.2,2021-02-08,3,0.332345665,2,12,0,0,1,34,1,4.1990008354187,4.3295521736145,0.442401677370071,0.29301118850708,662,"RP",715,4,132
3.42857142857143,96.5,2021-02-09,3,0.258303035,2,16,0,0,1,35,1,4.1334080696106,4.27718257904053,0.37021479010582,0.357931941747665,663,"SH",717,3,133
2.66666666666667,102.9,2021-02-09,3,0.1736283,2,7,0,0,1,35,1,4.31120109558105,4.27718257904053,0.514372408390045,0.357931941747665,664,"HH",716,3,133
2.66666666666667,102.9,2021-02-10,3,0.1736283,2,7,0,0,1,0,1,4.28572225570679,4.22310304641724,0.580483913421631,0.421382695436478,665,"HH",719,1,134
2.2,72,2021-02-10,3,0.335727021,2,17,1,0,1,0,1,4.65959358215332,4.22310304641724,0.329816848039627,0.421382695436478,666,"TH",720,4,134
2.2,72,2021-02-10,1,0.335727021,2,17,1,0,1,0,1,4.65959358215332,4.22310304641724,0.329816848039627,0.421382695436478,667,"TH",721,1,134
0,76.8,2021-02-10,3,0.139124282,2,4,0,1,1,0,1,4.26243209838867,4.22310304641724,0.541269898414612,0.421382695436478,668,"BE",718,3,134
3.42857142857143,96.5,2021-02-11,3,0.258303035,2,16,0,0,1,1,1,4.14761734008789,4.1845645904541,0.528314292430878,0.474606305360794,669,"SH",253,3,135
3.42857142857143,96.5,2021-02-11,3,0.258303035,2,16,0,0,1,1,1,4.14761734008789,4.1845645904541,0.528314292430878,0.474606305360794,670,"SH",253,3,135
1,111.5,2021-02-11,2,0.385996431,2,2,0,0,1,1,1,4.07216835021973,4.1845645904541,0.256334245204926,0.474606305360794,671,"BW",23,3,135
1,121.9,2021-02-11,4,0.332237663,2,3,0,0,1,1,1,4.22961282730103,4.1845645904541,0.543388426303864,0.474606305360794,672,"BY",722,1,135
3.42857142857143,96.5,2021-02-11,1,0.258303035,2,16,0,0,1,1,1,4.14761734008789,4.1845645904541,0.528314292430878,0.474606305360794,673,"SH",259,2,135
2.75,74,2021-02-11,3,0.234348302,2,9,1,0,1,1,1,4.24227571487427,4.1845645904541,0.645389437675476,0.474606305360794,674,"MV",64,3,135
2.75,74,2021-02-11,1,0.234348302,2,9,1,0,1,1,1,4.24227571487427,4.1845645904541,0.645389437675476,0.474606305360794,675,"MV",724,1,135
3.42857142857143,96.5,2021-02-11,3,0.258303035,2,16,0,0,1,1,1,4.14761734008789,4.1845645904541,0.528314292430878,0.474606305360794,676,"SH",253,3,135
2.75,74,2021-02-11,1,0.234348302,2,9,1,0,1,1,1,4.24227571487427,4.1845645904541,0.645389437675476,0.474606305360794,677,"MV",724,1,135
2.2,99.6,2021-02-11,1,0.273711263,2,11,0,0,1,1,1,4.12596416473389,4.1845645904541,0.654080450534821,0.474606305360794,678,"NW",931,1,135
2.2,99.6,2021-02-11,1,0.273711263,2,11,0,0,1,1,1,4.12596416473389,4.1845645904541,0.654080450534821,0.474606305360794,679,"NW",931,1,135
3.42857142857143,96.5,2021-02-11,1,0.258303035,2,16,0,0,1,1,1,4.14761734008789,4.1845645904541,0.528314292430878,0.474606305360794,680,"SH",259,2,135
3.42857142857143,96.5,2021-02-11,3,0.258303035,2,16,0,0,1,1,1,4.14761734008789,4.1845645904541,0.528314292430878,0.474606305360794,681,"SH",253,3,135
1,111.5,2021-02-11,1,0.385996431,2,2,0,0,1,1,1,4.07216835021973,4.1845645904541,0.256334245204926,0.474606305360794,682,"BW",22,1,135
3.16666666666667,82.8,2021-02-11,3,0.276428351,2,5,1,0,1,1,1,4.39486026763916,4.1845645904541,0.68071985244751,0.474606305360794,683,"BR",723,3,135
3.42857142857143,96.5,2021-02-11,1,0.258303035,2,16,0,0,1,1,1,4.14761734008789,4.1845645904541,0.528314292430878,0.474606305360794,684,"SH",259,2,135
2.75,74,2021-02-11,1,0.234348302,2,9,1,0,1,1,1,4.24227571487427,4.1845645904541,0.645389437675476,0.474606305360794,685,"MV",724,1,135
2.2,99.6,2021-02-11,3,0.273711263,2,11,0,0,1,1,1,4.12596416473389,4.1845645904541,0.654080450534821,0.474606305360794,686,"NW",930,3,135
2.2,99.6,2021-02-11,1,0.273711263,2,11,0,0,1,1,1,4.12596416473389,4.1845645904541,0.654080450534821,0.474606305360794,687,"NW",931,1,135
3.42857142857143,96.5,2021-02-11,1,0.258303035,2,16,0,0,1,1,1,4.14761734008789,4.1845645904541,0.528314292430878,0.474606305360794,688,"SH",259,2,135
2.75,74,2021-02-11,2,0.234348302,2,9,1,0,1,1,1,4.24227571487427,4.1845645904541,0.645389437675476,0.474606305360794,689,"MV",68,1,135
2.2,99.6,2021-02-11,3,0.273711263,2,11,0,0,1,1,1,4.12596416473389,4.1845645904541,0.654080450534821,0.474606305360794,690,"NW",930,3,135
2.75,74,2021-02-11,3,0.234348302,2,9,1,0,1,1,1,4.24227571487427,4.1845645904541,0.645389437675476,0.474606305360794,691,"MV",64,3,135
3.42857142857143,96.5,2021-02-11,1,0.258303035,2,16,0,0,1,1,1,4.14761734008789,4.1845645904541,0.528314292430878,0.474606305360794,692,"SH",259,2,135
2.75,74,2021-02-12,2,0.234348302,2,9,1,0,1,2,1,4.18153953552246,4.15694570541382,0.696940004825592,0.53009432554245,693,"MV",727,1,136
0,76.8,2021-02-12,3,0.139124282,2,4,0,1,1,2,1,4.21735763549805,4.15694570541382,0.671543300151825,0.53009432554245,694,"BE",726,3,136
2.66666666666667,102.9,2021-02-13,1,0.1736283,2,7,0,0,1,3,1,4.27355146408081,4.10270309448242,0.728238821029663,0.562118649482727,695,"HH",728,2,137
2.66666666666667,71.1,2021-02-14,4,0.328826809,2,15,1,0,1,4,0,4.3739972114563,4.11593246459961,0.432224780321121,0.57973039150238,696,"ST",729,4,138
3.42857142857143,96.5,2021-02-14,4,0.258303035,2,16,0,0,1,4,0,4.08773279190063,4.11593246459961,0.712101638317108,0.57973039150238,697,"SH",730,3,138
3,83.3,2021-02-15,3,0.31767052,2,13,0,0,1,5,0,4.25314903259277,4.1196436882019,0.529533624649048,0.616728365421295,698,"SL",190,3,139
2.33333333333333,92.4,2021-02-17,4,0.331304176,2,10,0,0,1,7,0,4.28711938858032,4.11675834655762,0.570547580718994,0.687844216823578,699,"NI",133,4,141
3,83.3,2021-02-17,1,0.31767052,2,13,0,0,1,7,0,4.11615705490112,4.11675834655762,0.605894505977631,0.687844216823578,700,"SL",731,1,141
2.33333333333333,92.4,2021-02-17,1,0.331304176,2,10,0,0,1,7,0,4.28711938858032,4.11675834655762,0.570547580718994,0.687844216823578,701,"NI",130,1,141
2.33333333333333,92.4,2021-02-17,1,0.331304176,2,10,0,0,1,7,0,4.28711938858032,4.11675834655762,0.570547580718994,0.687844216823578,702,"NI",130,1,141
2.33333333333333,92.4,2021-02-17,3,0.331304176,2,10,0,0,1,7,0,4.28711938858032,4.11675834655762,0.570547580718994,0.687844216823578,703,"NI",129,3,141
2.33333333333333,92.4,2021-02-17,3,0.331304176,2,10,0,0,1,7,0,4.28711938858032,4.11675834655762,0.570547580718994,0.687844216823578,704,"NI",129,3,141
3.16666666666667,82.8,2021-02-23,3,0.276428351,2,5,1,0,0,13,0,4.19100189208984,4.16308259963989,1.06919920444489,0.851352095603943,705,"BR",732,4,147
3.14285714285714,70.9,2021-02-24,3,0.262452337,2,6,0,0,0,14,0,4.44943618774414,4.18740749359131,1.08992516994476,0.881538152694702,706,"HB",43,3,148
3.14285714285714,70.9,2021-02-24,3,0.262452337,2,6,0,0,0,14,0,4.44943618774414,4.18740749359131,1.08992516994476,0.881538152694702,707,"HB",43,3,148
1.5,118.1,2021-02-24,1,0.239078888,2,8,0,0,0,14,0,4.18879222869873,4.18740749359131,0.754228055477142,0.881538152694702,708,"HE",733,1,148
1.5,118.1,2021-02-25,1,0.239078888,2,8,0,0,0,15,0,4.18701314926147,4.19987678527832,0.784346699714661,0.910824060440063,709,"HE",735,1,149
1.5,118.1,2021-02-25,3,0.239078888,2,8,0,0,0,15,0,4.18701314926147,4.19987678527832,0.784346699714661,0.910824060440063,710,"HE",734,4,149
2.66666666666667,102.9,2021-02-26,1,0.1736283,2,7,0,0,0,16,0,4.46265316009521,4.21340608596802,1.12538158893585,0.943153440952301,711,"HH",736,1,150
3.42857142857143,96.5,2021-02-26,1,0.258303035,2,16,0,0,0,16,0,3.96009016036987,4.21340608596802,1.16122031211853,0.943153440952301,712,"SH",738,1,150
2.2,99.6,2021-02-26,3,0.273711263,2,11,0,0,0,16,0,4.20846176147461,4.21340608596802,0.974562525749207,0.943153440952301,713,"NW",737,3,150
0,76.8,2021-02-27,1,0.139124282,2,4,0,1,0,17,0,4.31372547149658,4.21145915985107,1.23333811759949,0.961709022521973,714,"BE",739,1,151
2.75,74,2021-02-28,4,0.234348302,2,9,1,0,0,18,1,4.24850654602051,4.21906518936157,1.10506236553192,0.972807466983795,715,"MV",740,4,152
1,121.9,2021-03-01,4,0.332237663,3,3,0,0,0,19,1,4.27338027954102,4.22409248352051,1.06856441497803,0.995335340499878,716,"BY",741,4,153
2.4,74.6,2021-03-01,3,0.313358469,3,14,1,0,0,19,1,4.50741672515869,4.22409248352051,0.937934398651123,0.995335340499878,717,"SN",742,3,153
0,76.8,2021-03-02,3,0.139124282,3,4,0,1,0,20,1,4.3644495010376,4.23811912536621,1.28919208049774,1.0183846950531,718,"BE",743,3,154
3.42857142857143,96.5,2021-03-02,3,0.258303035,3,16,0,0,0,20,1,3.89976334571838,4.23811912536621,1.19917976856232,1.0183846950531,719,"SH",744,3,154
3.42857142857143,96.5,2021-03-03,1,0.258303035,3,16,0,0,0,0,1,3.90048623085022,4.23825836181641,1.21164333820343,1.04880809783936,720,"SH",745,1,155
2.4,74.6,2021-03-04,1,0.313358469,3,14,1,0,0,1,1,4.51121520996094,4.24244499206543,1.02598249912262,1.07518541812897,721,"SN",749,1,156
2.2,99.6,2021-03-04,1,0.273711263,3,11,0,0,0,1,1,4.20438385009766,4.24244499206543,1.11669075489044,1.07518541812897,722,"NW",926,4,156
3.42857142857143,96.5,2021-03-04,1,0.258303035,3,16,0,0,0,1,1,3.88666272163391,4.24244499206543,1.22757005691528,1.07518541812897,723,"SH",261,1,156
3.42857142857143,96.5,2021-03-04,3,0.258303035,3,16,0,0,0,1,1,3.88666272163391,4.24244499206543,1.22757005691528,1.07518541812897,724,"SH",262,3,156
1.5,118.1,2021-03-04,3,0.239078888,3,8,0,0,0,1,1,4.31259489059448,4.24244499206543,1.00131261348724,1.07518541812897,725,"HE",747,3,156
2.33333333333333,92.4,2021-03-04,3,0.331304176,3,10,0,0,0,1,1,4.21381282806396,4.24244499206543,0.899002492427826,1.07518541812897,726,"NI",748,3,156
2.2,99.6,2021-03-04,1,0.273711263,3,11,0,0,0,1,1,4.20438385009766,4.24244499206543,1.11669075489044,1.07518541812897,727,"NW",926,4,156
2.2,99.6,2021-03-04,3,0.273711263,3,11,0,0,0,1,1,4.20438385009766,4.24244499206543,1.11669075489044,1.07518541812897,728,"NW",925,3,156
2.2,99.6,2021-03-04,3,0.273711263,3,11,0,0,0,1,1,4.20438385009766,4.24244499206543,1.11669075489044,1.07518541812897,729,"NW",925,3,156
3.42857142857143,96.5,2021-03-04,1,0.258303035,3,16,0,0,0,1,1,3.88666272163391,4.24244499206543,1.22757005691528,1.07518541812897,730,"SH",261,1,156
2.2,99.6,2021-03-04,3,0.273711263,3,11,0,0,0,1,1,4.20438385009766,4.24244499206543,1.11669075489044,1.07518541812897,731,"NW",925,3,156
2.66666666666667,102.9,2021-03-04,3,0.1736283,3,7,0,0,0,1,1,4.48139524459839,4.24244499206543,1.24115538597107,1.07518541812897,732,"HH",746,2,156
1,111.5,2021-03-05,4,0.385996431,3,2,0,0,0,2,1,4.16520118713379,4.24568176269531,1.09791660308838,1.10261309146881,733,"BW",25,4,157
2.75,74,2021-03-05,3,0.234348302,3,9,1,0,0,2,1,4.32615756988525,4.24568176269531,1.19755971431732,1.10261309146881,734,"MV",72,1,157
1,111.5,2021-03-05,4,0.385996431,3,2,0,0,0,2,1,4.16520118713379,4.24568176269531,1.09791660308838,1.10261309146881,735,"BW",25,4,157
1,111.5,2021-03-05,1,0.385996431,3,2,0,0,0,2,1,4.16520118713379,4.24568176269531,1.09791660308838,1.10261309146881,736,"BW",26,1,157
2.75,74,2021-03-05,1,0.234348302,3,9,1,0,0,2,1,4.32615756988525,4.24568176269531,1.19755971431732,1.10261309146881,737,"MV",71,1,157
2.75,74,2021-03-05,3,0.234348302,3,9,1,0,0,2,1,4.32615756988525,4.24568176269531,1.19755971431732,1.10261309146881,738,"MV",72,1,157
3.16666666666667,82.8,2021-03-05,1,0.276428351,3,5,1,0,0,2,1,4.17108869552612,4.24568176269531,1.1300984621048,1.10261309146881,739,"BR",750,1,157
2.75,74,2021-03-05,4,0.234348302,3,9,1,0,0,2,1,4.32615756988525,4.24568176269531,1.19755971431732,1.10261309146881,740,"MV",70,4,157
2.75,74,2021-03-06,1,0.234348302,3,9,1,0,0,3,1,4.25469827651978,4.25659465789795,1.19759714603424,1.12196254730225,741,"MV",752,4,158
2.66666666666667,102.9,2021-03-06,1,0.1736283,3,7,0,0,0,3,1,4.52232313156128,4.25659465789795,1.28382587432861,1.12196254730225,742,"HH",751,1,158
3,83.3,2021-03-08,3,0.31767052,3,13,0,0,0,5,0,4.09138250350952,4.25785875320435,1.00621592998505,1.15501523017883,743,"SL",197,3,160
3.14285714285714,70.9,2021-03-08,4,0.262452337,3,6,0,0,0,5,0,4.19529676437378,4.25785875320435,1.28484964370728,1.15501523017883,744,"HB",44,3,160
3,83.3,2021-03-08,3,0.31767052,3,13,0,0,0,5,0,4.09138250350952,4.25785875320435,1.00621592998505,1.15501523017883,745,"SL",197,3,160
3,83.3,2021-03-08,3,0.31767052,3,13,0,0,0,5,0,4.09138250350952,4.25785875320435,1.00621592998505,1.15501523017883,746,"SL",197,3,160
2.2,72,2021-03-11,1,0.335727021,3,17,1,0,0,8,0,5.01644134521484,4.35940361022949,1.3457362651825,1.22247838973999,747,"TH",753,1,163
1.5,118.1,2021-03-16,4,0.239078888,3,8,0,0,0,13,1,4.65118026733398,4.53976726531982,1.33106255531311,1.31897974014282,748,"HE",167,3,168
1.5,118.1,2021-03-16,3,0.239078888,3,8,0,0,0,13,1,4.65118026733398,4.53976726531982,1.33106255531311,1.31897974014282,749,"HE",757,3,168
1,121.9,2021-03-16,3,0.332237663,3,3,0,0,0,13,1,4.6396861076355,4.53976726531982,1.42531394958496,1.31897974014282,750,"BY",754,4,168
1.5,118.1,2021-03-16,4,0.239078888,3,8,0,0,0,13,1,4.65118026733398,4.53976726531982,1.33106255531311,1.31897974014282,751,"HE",167,3,168
1.5,118.1,2021-03-16,3,0.239078888,3,8,0,0,0,13,1,4.65118026733398,4.53976726531982,1.33106255531311,1.31897974014282,752,"HE",757,3,168
0,76.8,2021-03-16,3,0.139124282,3,4,0,1,0,13,1,4.69782543182373,4.53976726531982,1.4709165096283,1.31897974014282,753,"BE",756,1,168
0,76.8,2021-03-16,3,0.139124282,3,4,0,1,0,13,1,4.69782543182373,4.53976726531982,1.4709165096283,1.31897974014282,754,"BE",756,1,168
0,76.8,2021-03-18,2,0.139124282,3,4,0,1,0,15,1,4.75851535797119,4.63709211349487,1.50638020038605,1.36844348907471,755,"BE",758,3,170
2.66666666666667,71.1,2021-03-19,1,0.328826809,3,15,1,0,0,0,1,4.80860185623169,4.67315340042114,1.19402420520782,1.39413440227509,756,"ST",759,1,171
2.2,99.6,2021-03-19,3,0.273711263,3,11,0,0,0,0,1,4.66190242767334,4.67315340042114,1.41754710674286,1.39413440227509,757,"NW",921,3,171
2.2,99.6,2021-03-19,1,0.273711263,3,11,0,0,0,0,1,4.66190242767334,4.67315340042114,1.41754710674286,1.39413440227509,758,"NW",922,3,171
3,83.3,2021-03-20,2,0.31767052,3,13,0,0,0,1,1,4.19154596328735,4.70368432998657,1.30643701553345,1.40999853610992,759,"SL",761,2,172
1,121.9,2021-03-20,4,0.332237663,3,3,0,0,0,1,1,4.77408409118652,4.70368432998657,1.52617156505585,1.40999853610992,760,"BY",760,4,172
2.4,74.6,2021-03-22,3,0.313358469,3,14,1,0,0,3,1,5.17342567443848,4.73780965805054,1.59616267681122,1.44336402416229,761,"SN",762,3,174
1.5,118.1,2021-03-23,1,0.239078888,3,8,0,0,0,4,0,4.9032940864563,4.77576398849487,1.53072845935822,1.46714568138123,762,"HE",770,1,175
0,76.8,2021-03-23,1,0.139124282,3,4,0,1,0,4,0,4.89266538619995,4.77576398849487,1.61907887458801,1.46714568138123,763,"BE",763,1,175
3.14285714285714,70.9,2021-03-23,3,0.262452337,3,6,0,0,0,4,0,4.77066087722778,4.77576398849487,1.55607259273529,1.46714568138123,764,"HB",766,3,175
1.5,118.1,2021-03-23,2,0.239078888,3,8,0,0,0,4,0,4.9032940864563,4.77576398849487,1.53072845935822,1.46714568138123,765,"HE",769,3,175
2.2,99.6,2021-03-23,4,0.273711263,3,11,0,0,0,4,0,4.77492141723633,4.77576398849487,1.48580467700958,1.46714568138123,766,"NW",771,3,175
3.42857142857143,96.5,2021-03-23,3,0.258303035,3,16,0,0,0,4,0,4.13054227828979,4.77576398849487,1.31685388088226,1.46714568138123,767,"SH",773,3,175
2.66666666666667,102.9,2021-03-23,1,0.1736283,3,7,0,0,0,4,0,4.89346981048584,4.77576398849487,1.58102130889893,1.46714568138123,768,"HH",767,1,175
2.2,72,2021-03-23,1,0.335727021,3,17,1,0,0,4,0,5.36457014083862,4.77576398849487,1.58003735542297,1.46714568138123,769,"TH",775,1,175
3.16666666666667,82.8,2021-03-23,3,0.276428351,3,5,1,0,0,4,0,4.8182544708252,4.77576398849487,1.2586407661438,1.46714568138123,770,"BR",765,3,175
0,76.8,2021-03-23,1,0.139124282,3,4,0,1,0,4,0,4.89266538619995,4.77576398849487,1.61907887458801,1.46714568138123,771,"BE",763,1,175
2.2,99.6,2021-03-23,3,0.273711263,3,11,0,0,0,4,0,4.77492141723633,4.77576398849487,1.48580467700958,1.46714568138123,772,"NW",772,4,175
3.42857142857143,96.5,2021-03-23,1,0.258303035,3,16,0,0,0,4,0,4.13054227828979,4.77576398849487,1.31685388088226,1.46714568138123,773,"SH",774,1,175
1.5,118.1,2021-03-23,3,0.239078888,3,8,0,0,0,4,0,4.9032940864563,4.77576398849487,1.53072845935822,1.46714568138123,774,"HE",768,3,175
2.2,99.6,2021-03-24,1,0.273711263,3,11,0,0,0,5,0,4.80501747131348,4.81837177276611,1.50840103626251,1.491779088974,775,"NW",779,1,176
3.42857142857143,96.5,2021-03-24,3,0.258303035,3,16,0,0,0,5,0,4.13054227828979,4.81837177276611,1.32955873012543,1.491779088974,776,"SH",264,3,176
3.14285714285714,70.9,2021-03-24,1,0.262452337,3,6,0,0,0,5,0,4.8189549446106,4.81837177276611,1.57939505577087,1.491779088974,777,"HB",45,1,176
2.33333333333333,92.4,2021-03-24,1,0.331304176,3,10,0,0,0,5,0,4.70575046539307,4.81837177276611,1.50844871997833,1.491779088974,778,"NI",778,2,176
1,111.5,2021-03-24,1,0.385996431,3,2,0,0,0,5,0,4.81407499313354,4.81837177276611,1.51807999610901,1.491779088974,779,"BW",776,1,176
3.16666666666667,82.8,2021-03-24,1,0.276428351,3,5,1,0,0,5,0,4.89243268966675,4.81837177276611,1.27536368370056,1.491779088974,780,"BR",777,1,176
2.2,99.6,2021-03-24,3,0.273711263,3,11,0,0,0,5,0,4.80501747131348,4.81837177276611,1.50840103626251,1.491779088974,781,"NW",920,1,176
1,111.5,2021-03-24,3,0.385996431,3,2,0,0,0,5,0,4.81407499313354,4.81837177276611,1.51807999610901,1.491779088974,782,"BW",27,3,176
0,76.8,2021-03-25,4,0.139124282,3,4,0,1,0,6,0,4.98613023757935,4.86757612228394,1.67165696620941,1.51363229751587,783,"BE",92,4,177
2.75,74,2021-03-25,1,0.234348302,3,9,1,0,0,6,0,4.74142646789551,4.86757612228394,1.46332406997681,1.51363229751587,784,"MV",77,1,177
2.75,74,2021-03-25,3,0.234348302,3,9,1,0,0,6,0,4.74142646789551,4.86757612228394,1.46332406997681,1.51363229751587,785,"MV",73,1,177
2.75,74,2021-03-25,3,0.234348302,3,9,1,0,0,6,0,4.74142646789551,4.86757612228394,1.46332406997681,1.51363229751587,786,"MV",73,1,177
1,121.9,2021-03-25,3,0.332237663,3,3,0,0,0,6,0,4.92017316818237,4.86757612228394,1.62521314620972,1.51363229751587,787,"BY",780,4,177
2.75,74,2021-03-25,3,0.234348302,3,9,1,0,0,6,0,4.74142646789551,4.86757612228394,1.46332406997681,1.51363229751587,788,"MV",73,1,177
3,83.3,2021-03-25,1,0.31767052,3,13,0,0,0,6,0,4.24887228012085,4.86757612228394,1.38301479816437,1.51363229751587,789,"SL",193,1,177
2.75,74,2021-03-25,1,0.234348302,3,9,1,0,0,6,0,4.74142646789551,4.86757612228394,1.46332406997681,1.51363229751587,790,"MV",77,1,177
2.75,74,2021-03-25,1,0.234348302,3,9,1,0,0,6,0,4.74142646789551,4.86757612228394,1.46332406997681,1.51363229751587,791,"MV",77,1,177
1.5,118.1,2021-03-25,1,0.239078888,3,8,0,0,0,6,0,5.00068140029907,4.86757612228394,1.58572280406952,1.51363229751587,792,"HE",782,2,177
3,83.3,2021-03-25,1,0.31767052,3,13,0,0,0,6,0,4.24887228012085,4.86757612228394,1.38301479816437,1.51363229751587,793,"SL",193,1,177
3,83.3,2021-03-25,1,0.31767052,3,13,0,0,0,6,0,4.24887228012085,4.86757612228394,1.38301479816437,1.51363229751587,794,"SL",193,1,177
3,83.3,2021-03-25,3,0.31767052,3,13,0,0,0,6,0,4.24887228012085,4.86757612228394,1.38301479816437,1.51363229751587,795,"SL",191,3,177
2.75,74,2021-03-25,3,0.234348302,3,9,1,0,0,6,0,4.74142646789551,4.86757612228394,1.46332406997681,1.51363229751587,796,"MV",73,1,177
2.75,74,2021-03-25,1,0.234348302,3,9,1,0,0,6,0,4.74142646789551,4.86757612228394,1.46332406997681,1.51363229751587,797,"MV",77,1,177
0,76.8,2021-03-25,1,0.139124282,3,4,0,1,0,6,0,4.98613023757935,4.86757612228394,1.67165696620941,1.51363229751587,798,"BE",93,1,177
0,76.8,2021-03-25,1,0.139124282,3,4,0,1,0,6,0,4.98613023757935,4.86757612228394,1.67165696620941,1.51363229751587,799,"BE",93,1,177
2.2,99.6,2021-03-26,1,0.273711263,3,11,0,0,0,7,0,4.88979721069336,4.90700817108154,1.548588514328,1.53702878952026,800,"NW",785,2,178
0,76.8,2021-03-26,1,0.139124282,3,4,0,1,0,7,0,5.05527544021606,4.90700817108154,1.69987058639526,1.53702878952026,801,"BE",784,1,178
2.33333333333333,92.4,2021-03-26,1,0.331304176,3,10,0,0,0,7,0,4.79978084564209,4.90700817108154,1.58164823055267,1.53702878952026,802,"NI",135,1,178
2.33333333333333,92.4,2021-03-26,3,0.331304176,3,10,0,0,0,7,0,4.79978084564209,4.90700817108154,1.58164823055267,1.53702878952026,803,"NI",134,3,178
1,111.5,2021-03-27,1,0.385996431,3,2,0,0,0,8,0,4.91140174865723,4.92955017089844,1.57736909389496,1.55313885211945,804,"BW",786,1,179
1,111.5,2021-03-28,4,0.385996431,3,2,0,0,0,9,0,4.93971109390259,4.94368124008179,1.59800410270691,1.56667172908783,805,"BW",787,3,180
1,121.9,2021-03-28,4,0.332237663,3,3,0,0,0,9,0,5.00980567932129,4.94368124008179,1.6687343120575,1.56667172908783,806,"BY",788,4,180
2.4,74.6,2021-03-28,3,0.313358469,3,14,1,0,0,9,0,5.38202476501465,4.94368124008179,1.78685057163239,1.56667172908783,807,"SN",790,3,180
2.66666666666667,71.1,2021-03-28,2,0.328826809,3,15,1,0,0,9,0,5.11554098129272,4.94368124008179,1.3375118970871,1.56667172908783,808,"ST",791,2,180
0,76.8,2021-03-28,1,0.139124282,3,4,0,1,0,9,0,5.09940719604492,4.94368124008179,1.75430011749268,1.56667172908783,809,"BE",789,1,180
3.42857142857143,96.5,2021-03-29,3,0.258303035,3,16,0,0,0,10,0,4.28894805908203,4.96153402328491,1.39415800571442,1.58885157108307,810,"SH",795,3,181
2.66666666666667,102.9,2021-03-29,3,0.1736283,3,7,0,0,0,10,0,5.14356327056885,4.96153402328491,1.66034030914307,1.58885157108307,811,"HH",792,4,181
1.5,118.1,2021-03-29,1,0.239078888,3,8,0,0,0,10,0,5.07140874862671,4.96153402328491,1.67929708957672,1.58885157108307,812,"HE",793,2,181
2.75,102.2,2021-03-29,3,0.332345665,3,12,0,0,0,10,0,4.7902512550354,4.96153402328491,1.48424100875854,1.58885157108307,813,"RP",794,3,181
1.5,118.1,2021-03-30,1,0.239078888,3,8,0,0,0,11,0,5.07977819442749,4.9694504737854,1.70811319351196,1.61139404773712,814,"HE",798,4,182
1.5,118.1,2021-03-30,2,0.239078888,3,8,0,0,0,11,0,5.07977819442749,4.9694504737854,1.70811319351196,1.61139404773712,815,"HE",797,1,182
3.42857142857143,96.5,2021-03-30,1,0.258303035,3,16,0,0,0,11,0,4.31839752197266,4.9694504737854,1.40706932544708,1.61139404773712,816,"SH",799,1,182
0,76.8,2021-03-30,4,0.139124282,3,4,0,1,0,11,0,5.06529474258423,4.9694504737854,1.80683243274689,1.61139404773712,817,"BE",796,4,182
1,111.5,2021-03-31,3,0.385996431,3,2,0,0,0,12,0,4.98370313644409,4.98065757751465,1.65512335300446,1.63559520244598,818,"BW",800,3,183
1,121.9,2021-03-31,3,0.332237663,3,3,0,0,0,12,0,5.07102203369141,4.98065757751465,1.73673045635223,1.63559520244598,819,"BY",801,4,183
2.66666666666667,102.9,2021-03-31,3,0.1736283,3,7,0,0,0,12,0,5.20651912689209,4.98065757751465,1.69197595119476,1.63559520244598,820,"HH",802,4,183
3.14285714285714,70.9,2021-04-01,4,0.262452337,3,6,0,0,0,13,0,4.90906286239624,4.97655582427979,1.73562443256378,1.65675759315491,821,"HB",803,4,184
3.14285714285714,70.9,2021-04-01,3,0.262452337,3,6,0,0,0,13,0,4.90906286239624,4.97655582427979,1.73562443256378,1.65675759315491,822,"HB",804,3,184
2.2,99.6,2021-04-02,3,0.273711263,3,11,0,0,0,14,0,4.90798950195312,4.937912940979,1.68174159526825,1.67230224609375,823,"NW",805,4,185
3,83.3,2021-04-02,1,0.31767052,3,13,0,0,0,14,0,4.52542114257812,4.937912940979,1.61734652519226,1.67230224609375,824,"SL",806,1,185
3,83.3,2021-04-04,1,0.31767052,3,13,0,0,0,16,0,4.47998380661011,4.88809108734131,1.65208876132965,1.69812083244324,825,"SL",807,1,187
3.42857142857143,96.5,2021-04-04,1,0.258303035,3,16,0,0,0,16,0,4.26915550231934,4.88809108734131,1.46806228160858,1.69812083244324,826,"SH",808,3,187
2.2,99.6,2021-04-05,4,0.273711263,3,11,0,0,0,17,0,4.84141874313354,4.85127210617065,1.73016369342804,1.71356534957886,827,"NW",810,4,188
2.2,99.6,2021-04-05,3,0.273711263,3,11,0,0,0,17,0,4.84141874313354,4.85127210617065,1.73016369342804,1.71356534957886,828,"NW",809,3,188
2.66666666666667,102.9,2021-04-06,3,0.1736283,3,7,0,0,0,18,0,5.00356197357178,4.76369047164917,1.8006671667099,1.73394513130188,829,"HH",811,3,189
1.5,118.1,2021-04-06,4,0.239078888,3,8,0,0,0,18,0,4.87403631210327,4.76369047164917,1.87151861190796,1.73394513130188,830,"HE",812,3,189
1,121.9,2021-04-07,4,0.332237663,3,3,0,0,0,19,0,4.90253591537476,4.76096963882446,1.86848723888397,1.75427901744843,831,"BY",813,4,190
3.42857142857143,96.5,2021-04-07,1,0.258303035,3,16,0,0,0,19,0,4.20411682128906,4.76096963882446,1.54795300960541,1.75427901744843,832,"SH",814,2,190
3.42857142857143,96.5,2021-04-08,3,0.258303035,3,16,0,0,0,20,0,4.22522592544556,4.80474185943604,1.57503318786621,1.77229952812195,833,"SH",818,3,191
2.75,102.2,2021-04-08,3,0.332345665,3,12,0,0,0,20,0,4.62972736358643,4.80474185943604,1.6576315164566,1.77229952812195,834,"RP",815,4,191
2.75,102.2,2021-04-08,2,0.332345665,3,12,0,0,0,20,0,4.62972736358643,4.80474185943604,1.6576315164566,1.77229952812195,835,"RP",816,1,191
3,83.3,2021-04-08,3,0.31767052,3,13,0,0,0,20,0,4.58227872848511,4.80474185943604,1.7552478313446,1.77229952812195,836,"SL",817,3,191
1,111.5,2021-04-09,3,0.385996431,3,2,0,0,0,21,0,4.90102815628052,4.87907028198242,1.8105354309082,1.79038405418396,837,"BW",819,4,192
2.4,74.6,2021-04-09,1,0.313358469,3,14,1,0,0,21,0,5.35444307327271,4.87907028198242,1.91803371906281,1.79038405418396,838,"SN",824,1,192
2.2,72,2021-04-09,1,0.335727021,3,17,1,0,0,21,0,5.36585187911987,4.87907028198242,1.87023842334747,1.79038405418396,839,"TH",827,4,192
2.66666666666667,71.1,2021-04-09,1,0.328826809,3,15,1,0,0,21,0,5.10206460952759,4.87907028198242,1.58617913722992,1.79038405418396,840,"ST",825,1,192
0,76.8,2021-04-09,1,0.139124282,3,4,0,1,0,21,0,4.93066740036011,4.87907028198242,2.04974722862244,1.79038405418396,841,"BE",821,2,192
1,121.9,2021-04-09,3,0.332237663,3,3,0,0,0,21,0,5.03651666641235,4.87907028198242,1.8961169719696,1.79038405418396,842,"BY",820,4,192
2.2,72,2021-04-09,4,0.335727021,3,17,1,0,0,21,0,5.36585187911987,4.87907028198242,1.87023842334747,1.79038405418396,843,"TH",826,2,192
2.2,99.6,2021-04-09,4,0.273711263,3,11,0,0,0,21,0,4.85287809371948,4.87907028198242,1.79820263385773,1.79038405418396,844,"NW",823,4,192
2.33333333333333,92.4,2021-04-09,1,0.331304176,3,10,0,0,0,21,0,4.63942003250122,4.87907028198242,1.79994237422943,1.79038405418396,845,"NI",822,2,192
1.5,118.1,2021-04-10,3,0.239078888,3,8,0,0,0,22,0,5.03797435760498,4.94519376754761,1.93936014175415,1.80345225334167,846,"HE",830,3,193
2.75,74,2021-04-10,3,0.234348302,3,9,1,0,0,22,0,4.88083505630493,4.94519376754761,1.73960518836975,1.80345225334167,847,"MV",831,4,193
3.16666666666667,82.8,2021-04-10,3,0.276428351,3,5,1,0,0,22,0,4.80766868591309,4.94519376754761,1.66908621788025,1.80345225334167,848,"BR",829,4,193
0,76.8,2021-04-10,1,0.139124282,3,4,0,1,0,22,0,4.88809823989868,4.94519376754761,2.06695556640625,1.80345225334167,849,"BE",828,1,193
2.4,74.6,2021-04-11,2,0.313358469,3,14,1,0,0,23,0,5.39977598190308,4.95975065231323,1.92722475528717,1.81343138217926,850,"SN",834,2,194
3.16666666666667,82.8,2021-04-11,3,0.276428351,3,5,1,0,0,23,0,4.85094833374023,4.95975065231323,1.66911685466766,1.81343138217926,851,"BR",832,4,194
3.14285714285714,70.9,2021-04-11,3,0.262452337,3,6,0,0,0,23,0,4.93480587005615,4.95975065231323,1.87477385997772,1.81343138217926,852,"HB",833,3,194
2.75,102.2,2021-04-12,4,0.332345665,3,12,0,0,0,24,0,4.81838750839233,5.00198030471802,1.70918846130371,1.8284387588501,853,"RP",835,4,195
1.5,118.1,2021-04-13,1,0.239078888,3,8,0,0,0,25,0,5.19200086593628,5.1183934211731,1.98045241832733,1.84268665313721,854,"HE",836,1,196
2.33333333333333,92.4,2021-04-14,1,0.331304176,3,10,0,0,0,26,0,4.90257692337036,5.15264987945557,1.84601712226868,1.85859560966492,855,"NI",837,1,197
2.66666666666667,71.1,2021-04-14,1,0.328826809,3,15,1,0,0,26,0,5.35130786895752,5.15264987945557,1.64738750457764,1.85859560966492,856,"ST",838,4,197
2.2,99.6,2021-04-15,3,0.273711263,3,11,0,0,0,27,0,5.17664241790771,5.14781761169434,1.886638879776,1.87181448936462,857,"NW",917,4,198
3.16666666666667,82.8,2021-04-15,4,0.276428351,3,5,1,0,0,27,0,5.0174880027771,5.14781761169434,1.8057918548584,1.87181448936462,858,"BR",839,3,198
2.2,99.6,2021-04-15,1,0.273711263,3,11,0,0,0,27,0,5.17664241790771,5.14781761169434,1.886638879776,1.87181448936462,859,"NW",919,1,198
2.2,99.6,2021-04-15,3,0.273711263,3,11,0,0,0,27,0,5.17664241790771,5.14781761169434,1.886638879776,1.87181448936462,860,"NW",917,4,198
2.75,102.2,2021-04-15,1,0.332345665,3,12,0,0,0,27,0,4.96871185302734,5.14781761169434,1.80469000339508,1.87181448936462,861,"RP",840,1,198
2.2,99.6,2021-04-15,1,0.273711263,3,11,0,0,0,27,0,5.17664241790771,5.14781761169434,1.886638879776,1.87181448936462,862,"NW",919,1,198
2.2,99.6,2021-04-15,1,0.273711263,3,11,0,0,0,27,0,5.17664241790771,5.14781761169434,1.886638879776,1.87181448936462,863,"NW",919,1,198
2.2,99.6,2021-04-15,4,0.273711263,3,11,0,0,0,27,0,5.17664241790771,5.14781761169434,1.886638879776,1.87181448936462,864,"NW",913,4,198
3.42857142857143,96.5,2021-04-15,2,0.258303035,3,16,0,0,0,27,0,4.3784065246582,5.14781761169434,1.73055684566498,1.87181448936462,865,"SH",841,1,198
2.2,99.6,2021-04-15,3,0.273711263,3,11,0,0,0,27,0,5.17664241790771,5.14781761169434,1.886638879776,1.87181448936462,866,"NW",917,4,198
2.75,74,2021-04-16,1,0.234348302,3,9,1,0,0,28,0,5.04483795166016,5.14634418487549,1.83073258399963,1.88557255268097,867,"MV",81,1,199
2.75,74,2021-04-16,3,0.234348302,3,9,1,0,0,28,0,5.04483795166016,5.14634418487549,1.83073258399963,1.88557255268097,868,"MV",842,4,199
2.75,74,2021-04-16,1,0.234348302,3,9,1,0,0,28,0,5.04483795166016,5.14634418487549,1.83073258399963,1.88557255268097,869,"MV",81,1,199
3,83.3,2021-04-17,1,0.31767052,3,13,0,0,0,29,0,4.84613752365112,5.14377117156982,1.9826328754425,1.89589691162109,870,"SL",843,2,200
3.42857142857143,96.5,2021-04-20,1,0.258303035,3,16,0,0,0,32,0,4.32927989959717,5.15338230133057,1.86566424369812,1.92532098293304,871,"SH",265,1,203
3.42857142857143,96.5,2021-04-20,2,0.258303035,3,16,0,0,0,32,0,4.32927989959717,5.15338230133057,1.86566424369812,1.92532098293304,872,"SH",844,1,203
3.42857142857143,96.5,2021-04-20,3,0.258303035,3,16,0,0,0,32,0,4.32927989959717,5.15338230133057,1.86566424369812,1.92532098293304,873,"SH",266,3,203
3.42857142857143,96.5,2021-04-20,1,0.258303035,3,16,0,0,0,32,0,4.32927989959717,5.15338230133057,1.86566424369812,1.92532098293304,874,"SH",265,1,203
2.33333333333333,92.4,2021-04-21,1,0.331304176,3,10,0,0,0,33,0,4.90381765365601,5.15906858444214,1.9026974439621,1.93829941749573,875,"NI",141,1,204
2.33333333333333,92.4,2021-04-21,1,0.331304176,3,10,0,0,0,33,0,4.90381765365601,5.15906858444214,1.9026974439621,1.93829941749573,876,"NI",141,1,204
2.33333333333333,92.4,2021-04-21,3,0.331304176,3,10,0,0,0,33,0,4.90381765365601,5.15906858444214,1.9026974439621,1.93829941749573,877,"NI",142,3,204
2.33333333333333,92.4,2021-04-21,1,0.331304176,3,10,0,0,0,33,0,4.90381765365601,5.15906858444214,1.9026974439621,1.93829941749573,878,"NI",141,1,204
2.75,74,2021-04-22,1,0.234348302,3,9,1,0,0,34,0,4.98633670806885,5.16163730621338,1.8758282661438,1.95005762577057,879,"MV",847,1,205
3,83.3,2021-04-22,3,0.31767052,3,13,0,0,0,34,0,4.96182203292847,5.16163730621338,2.06759428977966,1.95005762577057,880,"SL",848,2,205
1.5,118.1,2021-04-22,1,0.239078888,3,8,0,0,0,34,0,5.20807409286499,5.16163730621338,2.06799292564392,1.95005762577057,881,"HE",846,2,205
3.16666666666667,82.8,2021-04-22,3,0.276428351,3,5,1,0,0,34,0,4.91836929321289,5.16163730621338,1.9186635017395,1.95005762577057,882,"BR",845,3,205
3.42857142857143,96.5,2021-04-23,1,0.258303035,3,16,0,0,0,35,1,4.36396551132202,5.16082096099854,1.97315514087677,1.96196103096008,883,"SH",849,1,206
2.66666666666667,102.9,2021-04-24,1,0.1736283,3,7,0,0,0,36,1,4.87485218048096,5.16295719146729,1.86481666564941,1.97195839881897,884,"HH",850,1,207
2.2,72,2021-04-25,4,0.335727021,3,17,1,0,0,37,1,5.44149923324585,5.16198301315308,2.25343489646912,1.98020923137665,885,"TH",851,4,208
1,111.5,2021-04-27,1,0.385996431,3,2,0,0,0,1,1,5.36345720291138,5.14226388931274,2.0217182636261,2.00802564620972,886,"BW",852,1,210
1.5,118.1,2021-04-27,1,0.239078888,3,8,0,0,0,1,1,5.26168298721313,5.14226388931274,2.09174394607544,2.00802564620972,887,"HE",171,3,210
1.5,118.1,2021-04-27,4,0.239078888,3,8,0,0,0,1,1,5.26168298721313,5.14226388931274,2.09174394607544,2.00802564620972,888,"HE",169,1,210
2.2,72,2021-04-27,1,0.335727021,3,17,1,0,0,1,1,5.41562795639038,5.14226388931274,2.30775809288025,2.00802564620972,889,"TH",855,1,210
2.75,102.2,2021-04-27,1,0.332345665,3,12,0,0,0,1,1,4.95591068267822,5.14226388931274,2.08548665046692,2.00802564620972,890,"RP",854,4,210
1.5,118.1,2021-04-27,3,0.239078888,3,8,0,0,0,1,1,5.26168298721313,5.14226388931274,2.09174394607544,2.00802564620972,891,"HE",170,3,210
1.5,118.1,2021-04-27,3,0.239078888,3,8,0,0,0,1,1,5.26168298721313,5.14226388931274,2.09174394607544,2.00802564620972,892,"HE",170,3,210
2.2,99.6,2021-04-28,3,0.273711263,3,11,0,0,0,2,1,5.20767736434937,5.11100912094116,2.04164433479309,2.02933502197266,893,"NW",857,3,211
2.66666666666667,102.9,2021-04-28,1,0.1736283,3,7,0,0,0,2,1,4.76775026321411,5.11100912094116,1.97256529331207,2.02933502197266,894,"HH",856,1,211
2.2,99.6,2021-04-28,3,0.273711263,3,11,0,0,0,2,1,5.20767736434937,5.11100912094116,2.04164433479309,2.02933502197266,895,"NW",857,3,211
2.2,99.6,2021-04-28,3,0.273711263,3,11,0,0,0,2,1,5.20767736434937,5.11100912094116,2.04164433479309,2.02933502197266,896,"NW",857,3,211
2.2,99.6,2021-04-28,3,0.273711263,3,11,0,0,0,2,1,5.20767736434937,5.11100912094116,2.04164433479309,2.02933502197266,897,"NW",857,3,211
3.16666666666667,82.8,2021-05-01,1,0.276428351,3,5,1,0,0,5,0,4.69960689544678,5.02931880950928,2.03704929351807,2.08298945426941,898,"BR",858,1,214
3.42857142857143,96.5,2021-05-01,1,0.258303035,3,16,0,0,0,5,0,4.1125864982605,5.02931880950928,2.20280909538269,2.08298945426941,899,"SH",859,1,214
3.42857142857143,96.5,2021-05-02,1,0.258303035,3,16,0,0,0,6,0,4.09905242919922,5.01330423355103,2.22231602668762,2.09273219108582,900,"SH",860,1,215
1,121.9,2021-05-03,1,0.332237663,3,3,0,0,0,7,0,5.02003240585327,4.98836660385132,2.06350255012512,2.10987830162048,901,"BY",861,1,216
0,76.8,2021-05-03,1,0.139124282,3,4,0,1,0,7,0,4.86236381530762,4.98836660385132,2.39138770103455,2.10987830162048,902,"BE",862,1,216
2.66666666666667,71.1,2021-05-04,1,0.328826809,3,15,1,0,0,8,0,4.93353414535522,4.9525408744812,2.0465829372406,2.13354063034058,903,"ST",865,1,217
2.33333333333333,92.4,2021-05-04,1,0.331304176,3,10,0,0,0,8,0,4.62578535079956,4.9525408744812,2.02696108818054,2.13354063034058,904,"NI",864,3,217
1,111.5,2021-05-04,1,0.385996431,3,2,0,0,0,8,0,5.21817207336426,4.9525408744812,2.13604736328125,2.13354063034058,905,"BW",863,1,217
3.14285714285714,70.9,2021-05-05,3,0.262452337,3,6,0,0,0,9,0,4.8164701461792,4.91643619537354,2.43294763565063,2.16702461242676,906,"HB",47,4,218
3.14285714285714,70.9,2021-05-05,1,0.262452337,3,6,0,0,0,9,0,4.8164701461792,4.91643619537354,2.43294763565063,2.16702461242676,907,"HB",46,2,218
2.33333333333333,92.4,2021-05-11,1,0.331304176,3,10,0,0,0,15,0,4.45014142990112,4.74029970169067,2.18034863471985,2.3205988407135,908,"NI",146,1,224
3.16666666666667,82.8,2021-05-11,1,0.276428351,3,5,1,0,0,15,0,4.43234014511108,4.74029970169067,2.37649416923523,2.3205988407135,909,"BR",866,1,224
2.33333333333333,92.4,2021-05-11,3,0.331304176,3,10,0,0,0,15,0,4.45014142990112,4.74029970169067,2.18034863471985,2.3205988407135,910,"NI",145,1,224
1.5,118.1,2021-05-12,1,0.239078888,3,8,0,0,0,16,0,4.82700395584106,4.69305849075317,2.30996489524841,2.36390137672424,911,"HE",867,1,225
2.4,74.6,2021-05-15,1,0.313358469,3,14,1,0,0,19,0,4.82495594024658,4.46126651763916,2.70122885704041,2.4230592250824,912,"SN",868,1,228
2.2,99.6,2021-05-17,2,0.273711263,3,11,0,0,0,21,0,4.50269269943237,4.41580152511597,2.4318904876709,2.45615768432617,913,"NW",870,2,230
2.66666666666667,102.9,2021-05-17,3,0.1736283,3,7,0,0,0,21,0,3.94391322135925,4.41580152511597,2.46107292175293,2.45615768432617,914,"HH",869,4,230
0,76.8,2021-05-20,1,0.139124282,3,4,0,1,0,24,0,4.21197175979614,4.24395227432251,2.78926920890808,2.59532594680786,915,"BE",871,1,233
1.5,118.1,2021-05-27,1,0.239078888,3,8,0,0,0,31,0,3.96583890914917,3.7369966506958,2.74122071266174,2.81660580635071,916,"HE",872,1,240
3.42857142857143,96.5,2021-05-27,1,0.258303035,3,16,0,0,0,31,0,3.08774781227112,3.7369966506958,2.95173597335815,2.81660580635071,917,"SH",873,1,240
2.75,74,2021-06-02,3,0.234348302,3,9,1,0,0,37,0,2.64614200592041,3.56464314460754,2.97818660736084,2.99368500709534,918,"MV",874,4,246
1,121.9,2021-06-04,1,0.332237663,3,3,0,0,0,39,0,3.33785438537598,3.30244636535645,3.05188989639282,3.04733037948608,919,"BY",875,1,248
2.75,74,2021-06-09,1,0.234348302,3,9,1,0,0,44,1,1.74298048019409,3.0066990852356,3.20682692527771,3.19306921958923,920,"MV",83,1,253
2.75,74,2021-06-09,3,0.234348302,3,9,1,0,0,44,1,1.74298048019409,3.0066990852356,3.20682692527771,3.19306921958923,921,"MV",84,4,253
2.66666666666667,102.9,2021-06-10,1,0.1736283,3,7,0,0,0,0,1,2.90585875511169,2.96696758270264,3.23995399475098,3.2316312789917,922,"HH",876,1,254
2.75,74,2021-06-10,4,0.234348302,3,9,1,0,0,0,1,1.78554010391235,2.96696758270264,3.25396156311035,3.2316312789917,923,"MV",877,4,254
