"date","index","wave","statenumber","Land","stmt.id","data.id"
"2020-03-10",1,1,3,"BY",315,1
"2020-03-10",1,1,11,"NW",317,2
"2020-03-10",4,1,4,"BE",316,3
"2020-03-11",3,1,3,"BY",318,4
"2020-03-11",3,1,4,"BE",319,5
"2020-03-12",3,1,9,"MV",322,6
"2020-03-12",2,1,8,"HE",321,7
"2020-03-12",3,1,11,"NW",323,8
"2020-03-12",4,1,14,"SN",325,9
"2020-03-12",3,1,6,"HB",320,10
"2020-03-12",4,1,12,"RP",324,11
"2020-03-13",3,1,8,"HE",329,12
"2020-03-13",3,1,8,"HE",329,13
"2020-03-13",1,1,7,"HH",327,14
"2020-03-13",3,1,14,"SN",331,15
"2020-03-13",1,1,3,"BY",326,16
"2020-03-13",3,1,13,"SL",330,17
"2020-03-14",3,1,9,"MV",332,18
"2020-03-15",1,1,17,"TH",333,19
"2020-03-16",4,1,3,"BY",336,20
"2020-03-16",3,1,10,"NI",337,21
"2020-03-16",4,1,3,"BY",336,22
"2020-03-16",1,1,3,"BY",334,23
"2020-03-17",3,1,11,"NW",338,24
"2020-03-18",3,1,16,"SH",200,25
"2020-03-18",3,1,16,"SH",200,26
"2020-03-18",1,1,4,"BE",339,27
"2020-03-18",3,1,16,"SH",200,28
"2020-03-19",1,1,7,"HH",342,29
"2020-03-19",1,1,3,"BY",341,30
"2020-03-19",1,1,3,"BY",341,31
"2020-03-19",1,1,3,"BY",341,32
"2020-03-19",4,1,3,"BY",306,33
"2020-03-19",3,1,3,"BY",302,34
"2020-03-19",4,1,3,"BY",306,35
"2020-03-19",1,1,3,"BY",341,36
"2020-03-19",4,1,3,"BY",306,37
"2020-03-19",4,1,3,"BY",306,38
"2020-03-20",1,1,7,"HH",344,39
"2020-03-20",3,1,5,"BR",343,40
"2020-03-20",1,1,8,"HE",345,41
"2020-03-20",1,1,13,"SL",347,42
"2020-03-20",3,1,11,"NW",346,43
"2020-03-22",3,1,6,"HB",349,44
"2020-03-22",3,1,11,"NW",351,45
"2020-03-22",3,1,8,"HE",350,46
"2020-03-22",3,1,16,"SH",353,47
"2020-03-22",1,1,4,"BE",348,48
"2020-03-22",4,1,13,"SL",352,49
"2020-03-23",3,1,9,"MV",354,50
"2020-03-24",1,1,11,"NW",954,51
"2020-03-24",1,1,11,"NW",954,52
"2020-03-24",1,1,11,"NW",954,53
"2020-03-24",3,1,8,"HE",355,54
"2020-03-24",1,1,11,"NW",954,55
"2020-03-24",4,1,8,"HE",148,56
"2020-03-24",1,1,8,"HE",150,57
"2020-03-24",1,1,11,"NW",954,58
"2020-03-24",3,1,8,"HE",355,59
"2020-03-24",1,1,11,"NW",954,60
"2020-03-24",3,1,8,"HE",355,61
"2020-03-24",3,1,11,"NW",953,62
"2020-03-25",3,1,10,"NI",112,63
"2020-03-25",1,1,6,"HB",32,64
"2020-03-25",3,1,10,"NI",112,65
"2020-03-25",3,1,10,"NI",112,66
"2020-03-25",3,1,7,"HH",356,67
"2020-03-25",3,1,14,"SN",358,68
"2020-03-25",3,1,6,"HB",31,69
"2020-03-25",3,1,10,"NI",112,70
"2020-03-25",3,1,10,"NI",112,71
"2020-03-26",3,1,4,"BE",85,72
"2020-03-26",4,1,4,"BE",87,73
"2020-03-26",3,1,4,"BE",85,74
"2020-03-26",1,1,16,"SH",359,75
"2020-03-27",4,1,7,"HH",360,76
"2020-03-30",4,1,14,"SN",361,77
"2020-03-31",3,1,15,"ST",363,78
"2020-03-31",3,1,12,"RP",362,79
"2020-04-01",3,1,7,"HH",367,80
"2020-04-01",3,1,10,"NI",369,81
"2020-04-01",3,1,7,"HH",367,82
"2020-04-01",4,1,9,"MV",368,83
"2020-04-01",3,1,6,"HB",365,84
"2020-04-01",4,1,14,"SN",370,85
"2020-04-01",3,1,5,"BR",29,86
"2020-04-01",3,1,2,"BW",364,87
"2020-04-01",3,1,7,"HH",367,88
"2020-04-01",3,1,7,"HH",367,89
"2020-04-01",3,1,5,"BR",29,90
"2020-04-01",3,1,11,"NW",950,91
"2020-04-01",1,1,7,"HH",241,92
"2020-04-01",1,1,16,"SH",371,93
"2020-04-01",3,1,5,"BR",29,94
"2020-04-02",1,1,13,"SL",372,95
"2020-04-04",3,1,4,"BE",373,96
"2020-04-04",2,1,14,"SN",374,97
"2020-04-06",4,1,9,"MV",375,98
"2020-04-06",3,1,12,"RP",376,99
"2020-04-06",1,1,17,"TH",377,100
"2020-04-07",1,1,2,"BW",378,101
"2020-04-07",3,1,6,"HB",379,102
"2020-04-08",2,1,11,"NW",380,103
"2020-04-09",4,1,2,"BW",381,104
"2020-04-09",1,1,16,"SH",382,105
"2020-04-10",3,1,7,"HH",383,106
"2020-04-10",3,1,12,"RP",NA,107
"2020-04-10",3,1,7,"HH",383,108
"2020-04-10",1,1,11,"NW",385,109
"2020-04-12",3,1,9,"MV",387,110
"2020-04-13",3,1,17,"TH",388,111
"2020-04-14",3,1,6,"HB",390,112
"2020-04-14",3,1,11,"NW",391,113
"2020-04-14",3,1,4,"BE",389,114
"2020-04-15",3,1,15,"ST",394,115
"2020-04-15",3,1,11,"NW",393,116
"2020-04-15",1,1,17,"TH",395,117
"2020-04-15",3,1,3,"BY",392,118
"2020-04-16",3,1,16,"SH",399,119
"2020-04-16",3,1,7,"HH",396,120
"2020-04-16",3,1,11,"NW",397,121
"2020-04-16",1,1,15,"ST",398,122
"2020-04-17",1,1,16,"SH",204,123
"2020-04-17",1,1,16,"SH",204,124
"2020-04-17",1,1,16,"SH",204,125
"2020-04-17",1,1,16,"SH",204,126
"2020-04-17",1,1,14,"SN",400,127
"2020-04-18",3,1,10,"NI",403,128
"2020-04-18",1,1,7,"HH",402,129
"2020-04-20",2,1,3,"BY",291,130
"2020-04-20",3,1,3,"BY",288,131
"2020-04-20",3,1,13,"SL",404,132
"2020-04-20",1,1,3,"BY",296,133
"2020-04-20",1,1,15,"ST",405,134
"2020-04-20",3,1,3,"BY",288,135
"2020-04-20",3,1,3,"BY",288,136
"2020-04-20",1,1,3,"BY",296,137
"2020-04-20",1,1,3,"BY",296,138
"2020-04-20",3,1,3,"BY",288,139
"2020-04-20",1,1,3,"BY",296,140
"2020-04-20",1,1,3,"BY",296,141
"2020-04-20",3,1,3,"BY",288,142
"2020-04-20",3,1,3,"BY",288,143
"2020-04-20",3,1,3,"BY",288,144
"2020-04-20",1,1,3,"BY",296,145
"2020-04-21",1,1,7,"HH",406,146
"2020-04-22",3,1,10,"NI",408,147
"2020-04-22",3,1,7,"HH",239,148
"2020-04-22",3,1,7,"HH",239,149
"2020-04-22",3,1,17,"TH",409,150
"2020-04-22",3,1,7,"HH",239,151
"2020-04-22",3,1,7,"HH",239,152
"2020-04-22",3,1,7,"HH",239,153
"2020-04-23",3,1,10,"NI",114,154
"2020-04-23",3,1,10,"NI",114,155
"2020-04-23",3,1,10,"NI",114,156
"2020-04-23",3,1,10,"NI",114,157
"2020-04-23",3,1,10,"NI",114,158
"2020-04-29",3,1,11,"NW",411,159
"2020-04-29",3,1,9,"MV",410,160
"2020-04-29",3,1,2,"BW",8,161
"2020-04-29",4,1,2,"BW",9,162
"2020-04-29",3,1,12,"RP",412,163
"2020-04-29",3,1,12,"RP",412,164
"2020-04-29",4,1,2,"BW",9,165
"2020-04-30",4,1,4,"BE",414,166
"2020-04-30",2,1,13,"SL",418,167
"2020-04-30",1,1,15,"ST",419,168
"2020-04-30",1,1,2,"BW",413,169
"2020-04-30",3,1,5,"BR",415,170
"2020-04-30",2,1,10,"NI",416,171
"2020-04-30",3,1,11,"NW",417,172
"2020-05-01",4,1,12,"RP",420,173
"2020-05-04",1,1,10,"NI",425,174
"2020-05-04",4,1,4,"BE",422,175
"2020-05-04",3,1,3,"BY",421,176
"2020-05-04",1,1,7,"HH",423,177
"2020-05-04",3,1,11,"NW",426,178
"2020-05-04",2,1,14,"SN",427,179
"2020-05-04",1,1,15,"ST",428,180
"2020-05-04",1,1,9,"MV",424,181
"2020-05-05",2,1,17,"TH",432,182
"2020-05-05",4,1,10,"NI",431,183
"2020-05-05",1,1,3,"BY",429,184
"2020-05-05",1,1,17,"TH",433,185
"2020-05-05",3,1,4,"BE",430,186
"2020-05-06",3,1,5,"BR",434,187
"2020-05-06",1,1,14,"SN",437,188
"2020-05-06",3,1,6,"HB",435,189
"2020-05-06",3,1,2,"BW",11,190
"2020-05-06",1,1,10,"NI",436,191
"2020-05-07",1,1,16,"SH",251,192
"2020-05-07",1,1,16,"SH",251,193
"2020-05-07",1,1,4,"BE",438,194
"2020-05-07",1,1,16,"SH",251,195
"2020-05-07",2,1,16,"SH",252,196
"2020-05-07",2,1,16,"SH",252,197
"2020-05-07",3,1,16,"SH",439,198
"2020-05-07",3,1,16,"SH",439,199
"2020-05-08",3,1,17,"TH",226,200
"2020-05-08",1,1,17,"TH",442,201
"2020-05-08",1,1,17,"TH",442,202
"2020-05-08",3,1,17,"TH",226,203
"2020-05-08",3,1,17,"TH",226,204
"2020-05-08",1,1,5,"BR",440,205
"2020-05-08",1,1,17,"TH",442,206
"2020-05-08",1,1,17,"TH",442,207
"2020-05-08",1,1,17,"TH",442,208
"2020-05-09",1,1,14,"SN",444,209
"2020-05-09",1,1,15,"ST",445,210
"2020-05-09",3,1,10,"NI",443,211
"2020-05-10",1,1,17,"TH",446,212
"2020-05-12",1,1,10,"NI",118,213
"2020-05-12",1,1,10,"NI",118,214
"2020-05-12",3,1,10,"NI",120,215
"2020-05-12",3,1,10,"NI",120,216
"2020-05-13",1,1,6,"HB",448,217
"2020-05-13",1,1,13,"SL",182,218
"2020-05-13",1,1,13,"SL",182,219
"2020-05-13",1,1,6,"HB",448,220
"2020-05-13",3,1,13,"SL",188,221
"2020-05-13",1,1,13,"SL",182,222
"2020-05-13",3,1,6,"HB",33,223
"2020-05-13",3,1,13,"SL",188,224
"2020-05-13",1,1,6,"HB",448,225
"2020-05-13",3,1,6,"HB",33,226
"2020-05-13",3,1,13,"SL",188,227
"2020-05-13",1,1,9,"MV",49,228
"2020-05-13",1,1,6,"HB",448,229
"2020-05-13",3,1,13,"SL",188,230
"2020-05-13",1,1,9,"MV",49,231
"2020-05-13",3,1,9,"MV",48,232
"2020-05-16",1,1,7,"HH",450,233
"2020-05-16",2,1,7,"HH",449,234
"2020-05-20",3,NA,7,"HH",451,235
"2020-05-23",1,NA,17,"TH",452,236
"2020-05-25",3,NA,4,"BE",453,237
"2020-05-25",3,NA,15,"ST",456,238
"2020-05-25",4,NA,4,"BE",454,239
"2020-05-25",3,NA,12,"RP",455,240
"2020-05-26",1,NA,2,"BW",458,241
"2020-05-26",3,NA,3,"BY",459,242
"2020-05-26",1,NA,17,"TH",461,243
"2020-05-26",1,NA,2,"BW",458,244
"2020-05-26",3,NA,6,"HB",460,245
"2020-05-27",1,NA,12,"RP",101,246
"2020-05-27",3,NA,12,"RP",463,247
"2020-05-27",3,NA,5,"BR",462,248
"2020-05-27",4,NA,12,"RP",103,249
"2020-05-27",4,NA,12,"RP",103,250
"2020-05-28",3,NA,5,"BR",464,251
"2020-05-28",2,NA,11,"NW",465,252
"2020-05-28",1,NA,14,"SN",466,253
"2020-06-03",1,NA,8,"HE",467,254
"2020-06-05",3,NA,2,"BW",468,255
"2020-06-08",1,NA,16,"SH",469,256
"2020-06-11",1,NA,15,"ST",95,257
"2020-06-11",3,NA,15,"ST",96,258
"2020-06-11",3,NA,15,"ST",96,259
"2020-06-12",1,NA,5,"BR",470,260
"2020-06-14",4,NA,9,"MV",471,261
"2020-06-16",1,NA,3,"BY",472,262
"2020-06-17",2,NA,14,"SN",474,263
"2020-06-17",1,NA,9,"MV",473,264
"2020-06-24",1,NA,7,"HH",236,265
"2020-06-24",1,NA,11,"NW",947,266
"2020-06-24",4,NA,11,"NW",948,267
"2020-06-24",1,NA,11,"NW",947,268
"2020-06-26",1,NA,17,"TH",475,269
"2020-06-29",1,NA,3,"BY",476,270
"2020-06-30",2,NA,4,"BE",477,271
"2020-06-30",1,NA,10,"NI",121,272
"2020-07-06",1,NA,7,"HH",478,273
"2020-07-15",1,NA,17,"TH",479,274
"2020-07-23",1,NA,4,"BE",480,275
"2020-07-23",4,NA,14,"SN",481,276
"2020-07-24",4,NA,3,"BY",482,277
"2020-07-25",2,NA,14,"SN",483,278
"2020-08-11",1,NA,15,"ST",484,279
"2020-08-13",1,NA,8,"HE",485,280
"2020-08-15",3,NA,5,"BR",486,281
"2020-08-17",3,NA,10,"NI",487,282
"2020-08-18",4,NA,11,"NW",491,283
"2020-08-18",4,NA,4,"BE",489,284
"2020-08-18",4,NA,2,"BW",488,285
"2020-08-18",4,NA,7,"HH",490,286
"2020-08-19",4,NA,6,"HB",492,287
"2020-08-21",4,NA,12,"RP",493,288
"2020-08-22",1,NA,17,"TH",494,289
"2020-08-23",4,NA,3,"BY",495,290
"2020-08-23",4,NA,5,"BR",496,291
"2020-08-24",3,NA,7,"HH",497,292
"2020-08-24",1,NA,15,"ST",500,293
"2020-08-24",2,NA,14,"SN",499,294
"2020-08-24",2,NA,14,"SN",499,295
"2020-08-25",3,NA,7,"HH",502,296
"2020-08-25",3,NA,13,"SL",503,297
"2020-08-25",4,NA,3,"BY",501,298
"2020-08-25",1,NA,15,"ST",504,299
"2020-08-26",4,NA,9,"MV",506,300
"2020-08-26",1,NA,14,"SN",507,301
"2020-08-26",3,NA,5,"BR",505,302
"2020-08-27",3,NA,16,"SH",512,303
"2020-08-27",3,NA,12,"RP",510,304
"2020-08-27",4,NA,3,"BY",508,305
"2020-08-27",3,NA,4,"BE",509,306
"2020-08-27",1,NA,15,"ST",511,307
"2020-08-28",3,NA,16,"SH",515,308
"2020-08-28",1,NA,13,"SL",514,309
"2020-08-28",3,NA,8,"HE",513,310
"2020-09-04",3,NA,11,"NW",516,311
"2020-09-05",1,NA,16,"SH",517,312
"2020-09-08",1,NA,3,"BY",518,313
"2020-09-11",1,NA,16,"SH",519,314
"2020-09-14",1,NA,10,"NI",122,315
"2020-09-15",1,NA,3,"BY",520,316
"2020-09-24",1,NA,4,"BE",521,317
"2020-09-25",4,NA,11,"NW",522,318
"2020-09-26",1,NA,8,"HE",523,319
"2020-09-27",1,NA,15,"ST",527,320
"2020-09-27",2,NA,14,"SN",526,321
"2020-09-27",2,NA,12,"RP",525,322
"2020-09-27",4,NA,3,"BY",524,323
"2020-09-29",3,2,13,"SL",530,324
"2020-09-29",1,2,3,"BY",528,325
"2020-09-29",2,2,9,"MV",529,326
"2020-09-30",4,2,7,"HH",532,327
"2020-09-30",1,2,2,"BW",531,328
"2020-10-01",1,2,17,"TH",533,329
"2020-10-06",4,2,3,"BY",535,330
"2020-10-06",1,2,2,"BW",534,331
"2020-10-07",3,2,10,"NI",123,332
"2020-10-07",3,2,10,"NI",123,333
"2020-10-08",1,2,10,"NI",536,334
"2020-10-09",2,2,15,"ST",537,335
"2020-10-10",1,2,7,"HH",538,336
"2020-10-11",4,2,4,"BE",541,337
"2020-10-11",3,2,11,"NW",542,338
"2020-10-11",1,2,2,"BW",539,339
"2020-10-11",4,2,3,"BY",540,340
"2020-10-12",4,2,3,"BY",543,341
"2020-10-13",2,2,2,"BW",544,342
"2020-10-13",3,2,3,"BY",545,343
"2020-10-14",3,2,8,"HE",546,344
"2020-10-14",4,2,12,"RP",548,345
"2020-10-14",3,2,11,"NW",547,346
"2020-10-14",2,2,14,"SN",550,347
"2020-10-14",3,2,13,"SL",549,348
"2020-10-15",2,2,9,"MV",556,349
"2020-10-15",1,2,2,"BW",551,350
"2020-10-15",3,2,15,"ST",558,351
"2020-10-15",1,2,16,"SH",559,352
"2020-10-15",2,2,17,"TH",561,353
"2020-10-15",1,2,2,"BW",551,354
"2020-10-15",3,2,2,"BW",14,355
"2020-10-15",3,2,8,"HE",555,356
"2020-10-15",3,2,2,"BW",14,357
"2020-10-15",3,2,7,"HH",554,358
"2020-10-15",1,2,2,"BW",551,359
"2020-10-15",3,2,5,"BR",552,360
"2020-10-15",3,2,7,"HH",554,361
"2020-10-15",3,2,10,"NI",557,362
"2020-10-15",1,2,17,"TH",560,363
"2020-10-16",1,2,11,"NW",562,364
"2020-10-16",3,2,13,"SL",563,365
"2020-10-17",4,2,5,"BR",564,366
"2020-10-18",3,2,10,"NI",565,367
"2020-10-19",4,2,3,"BY",567,368
"2020-10-19",4,2,3,"BY",567,369
"2020-10-19",3,2,8,"HE",569,370
"2020-10-19",1,2,8,"HE",568,371
"2020-10-21",1,2,3,"BY",312,372
"2020-10-21",1,2,3,"BY",312,373
"2020-10-21",1,2,3,"BY",312,374
"2020-10-21",1,2,7,"HH",570,375
"2020-10-21",1,2,3,"BY",312,376
"2020-10-21",4,2,3,"BY",310,377
"2020-10-22",3,2,3,"BY",571,378
"2020-10-23",3,2,4,"BE",572,379
"2020-10-26",3,2,13,"SL",573,380
"2020-10-27",1,2,17,"TH",576,381
"2020-10-27",1,2,16,"SH",575,382
"2020-10-27",4,2,11,"NW",574,383
"2020-10-28",3,2,15,"ST",579,384
"2020-10-28",1,2,7,"HH",235,385
"2020-10-28",3,2,10,"NI",577,386
"2020-10-28",3,2,14,"SN",578,387
"2020-10-28",3,2,7,"HH",234,388
"2020-10-29",3,2,16,"SH",213,389
"2020-10-29",3,2,8,"HE",581,390
"2020-10-29",2,2,12,"RP",582,391
"2020-10-29",1,2,9,"MV",55,392
"2020-10-29",2,2,9,"MV",54,393
"2020-10-29",3,2,16,"SH",213,394
"2020-10-29",3,2,9,"MV",51,395
"2020-10-29",1,2,9,"MV",55,396
"2020-10-29",3,2,16,"SH",213,397
"2020-10-29",3,2,3,"BY",580,398
"2020-10-29",3,2,16,"SH",213,399
"2020-10-29",2,2,9,"MV",54,400
"2020-10-29",3,2,17,"TH",584,401
"2020-10-30",3,2,3,"BY",278,402
"2020-10-30",3,2,12,"RP",104,403
"2020-10-30",3,2,3,"BY",278,404
"2020-10-30",3,2,3,"BY",278,405
"2020-10-30",4,2,12,"RP",105,406
"2020-10-30",3,2,3,"BY",278,407
"2020-10-30",3,2,3,"BY",278,408
"2020-10-30",4,2,11,"NW",588,409
"2020-10-30",3,2,10,"NI",125,410
"2020-10-30",3,2,5,"BR",585,411
"2020-10-30",4,2,3,"BY",284,412
"2020-10-30",3,2,3,"BY",278,413
"2020-10-30",3,2,2,"BW",16,414
"2020-10-30",3,2,11,"NW",587,415
"2020-10-30",3,2,10,"NI",125,416
"2020-10-30",3,2,3,"BY",278,417
"2020-10-30",3,2,3,"BY",278,418
"2020-10-30",3,2,3,"BY",278,419
"2020-10-30",4,2,10,"NI",126,420
"2020-10-31",3,2,8,"HE",151,421
"2020-10-31",4,2,6,"HB",38,422
"2020-10-31",3,2,8,"HE",151,423
"2020-10-31",3,2,8,"HE",151,424
"2020-11-01",3,2,4,"BE",88,425
"2020-11-01",4,2,4,"BE",91,426
"2020-11-01",3,2,4,"BE",88,427
"2020-11-01",1,2,4,"BE",90,428
"2020-11-03",3,2,17,"TH",229,429
"2020-11-03",4,2,13,"SL",172,430
"2020-11-03",3,2,13,"SL",176,431
"2020-11-03",3,2,15,"ST",97,432
"2020-11-03",3,2,17,"TH",229,433
"2020-11-03",3,2,17,"TH",229,434
"2020-11-03",3,2,15,"ST",97,435
"2020-11-03",3,2,13,"SL",176,436
"2020-11-03",4,2,17,"TH",230,437
"2020-11-03",3,2,13,"SL",176,438
"2020-11-03",3,2,13,"SL",176,439
"2020-11-03",3,2,15,"ST",97,440
"2020-11-04",3,2,14,"SN",246,441
"2020-11-04",1,2,14,"SN",245,442
"2020-11-04",4,2,3,"BY",589,443
"2020-11-04",1,2,14,"SN",245,444
"2020-11-04",1,2,11,"NW",908,445
"2020-11-06",2,2,17,"TH",590,446
"2020-11-11",3,2,12,"RP",106,447
"2020-11-12",3,2,9,"MV",591,448
"2020-11-14",3,2,16,"SH",593,449
"2020-11-14",1,2,14,"SN",592,450
"2020-11-15",2,2,2,"BW",594,451
"2020-11-16",1,2,9,"MV",595,452
"2020-11-17",4,2,9,"MV",596,453
"2020-11-17",1,2,9,"MV",597,454
"2020-11-17",1,2,10,"NI",599,455
"2020-11-17",1,2,9,"MV",597,456
"2020-11-18",2,2,11,"NW",600,457
"2020-11-21",2,2,7,"HH",601,458
"2020-11-22",4,2,14,"SN",602,459
"2020-11-22",1,2,16,"SH",603,460
"2020-11-23",1,2,16,"SH",607,461
"2020-11-23",4,2,2,"BW",604,462
"2020-11-23",4,2,9,"MV",605,463
"2020-11-23",3,2,15,"ST",606,464
"2020-11-24",2,2,4,"BE",608,465
"2020-11-25",3,2,8,"HE",609,466
"2020-11-25",4,2,11,"NW",610,467
"2020-11-26",3,2,11,"NW",944,468
"2020-11-26",3,2,11,"NW",944,469
"2020-11-26",1,2,11,"NW",946,470
"2020-11-26",1,2,16,"SH",614,471
"2020-11-26",1,2,6,"HB",612,472
"2020-11-26",1,2,16,"SH",614,473
"2020-11-26",4,2,6,"HB",613,474
"2020-11-26",3,2,5,"BR",611,475
"2020-11-27",1,2,16,"SH",220,476
"2020-11-27",3,2,3,"BY",4,477
"2020-11-27",1,2,16,"SH",220,478
"2020-11-27",3,2,3,"BY",4,479
"2020-11-27",3,2,3,"BY",4,480
"2020-11-27",3,2,3,"BY",4,481
"2020-11-27",3,2,3,"BY",4,482
"2020-11-27",3,2,9,"MV",56,483
"2020-11-27",1,2,16,"SH",220,484
"2020-11-27",1,2,16,"SH",220,485
"2020-11-27",3,2,16,"SH",221,486
"2020-11-27",3,2,3,"BY",4,487
"2020-11-27",3,2,7,"HH",616,488
"2020-11-27",3,2,16,"SH",221,489
"2020-11-27",1,2,3,"BY",5,490
"2020-11-30",1,2,10,"NI",138,491
"2020-11-30",1,2,10,"NI",138,492
"2020-11-30",3,2,6,"HB",40,493
"2020-11-30",2,2,10,"NI",137,494
"2020-11-30",1,2,6,"HB",39,495
"2020-11-30",3,2,10,"NI",139,496
"2020-11-30",3,2,10,"NI",139,497
"2020-12-01",3,2,13,"SL",179,498
"2020-12-01",3,2,13,"SL",179,499
"2020-12-01",4,2,13,"SL",178,500
"2020-12-02",1,2,4,"BE",617,501
"2020-12-03",1,2,14,"SN",620,502
"2020-12-03",3,2,5,"BR",618,503
"2020-12-03",1,2,9,"MV",619,504
"2020-12-06",1,2,10,"NI",622,505
"2020-12-06",2,2,7,"HH",621,506
"2020-12-07",2,2,4,"BE",624,507
"2020-12-07",2,2,7,"HH",625,508
"2020-12-07",1,2,8,"HE",626,509
"2020-12-07",1,2,3,"BY",623,510
"2020-12-07",1,2,12,"RP",627,511
"2020-12-07",3,2,13,"SL",628,512
"2020-12-08",3,2,3,"BY",270,513
"2020-12-08",1,2,3,"BY",268,514
"2020-12-08",1,2,12,"RP",631,515
"2020-12-08",1,2,3,"BY",268,516
"2020-12-08",4,2,8,"HE",156,517
"2020-12-08",3,2,8,"HE",159,518
"2020-12-08",1,2,8,"HE",157,519
"2020-12-08",3,2,8,"HE",159,520
"2020-12-08",1,2,3,"BY",268,521
"2020-12-08",1,2,8,"HE",157,522
"2020-12-08",4,2,4,"BE",629,523
"2020-12-08",3,2,5,"BR",630,524
"2020-12-08",3,2,8,"HE",159,525
"2020-12-08",1,2,8,"HE",157,526
"2020-12-08",3,2,8,"HE",159,527
"2020-12-08",3,2,8,"HE",159,528
"2020-12-08",3,2,3,"BY",270,529
"2020-12-09",4,2,11,"NW",632,530
"2020-12-09",1,2,16,"SH",633,531
"2020-12-10",4,2,9,"MV",637,532
"2020-12-10",1,2,4,"BE",636,533
"2020-12-10",4,2,10,"NI",638,534
"2020-12-10",1,2,2,"BW",634,535
"2020-12-10",1,2,12,"RP",639,536
"2020-12-10",4,2,3,"BY",635,537
"2020-12-11",3,2,13,"SL",644,538
"2020-12-11",3,2,11,"NW",643,539
"2020-12-11",3,2,8,"HE",642,540
"2020-12-11",3,2,14,"SN",645,541
"2020-12-11",1,2,2,"BW",640,542
"2020-12-11",3,2,16,"SH",646,543
"2020-12-11",1,2,16,"SH",647,544
"2020-12-11",1,2,2,"BW",640,545
"2020-12-12",3,2,17,"TH",649,546
"2020-12-12",1,2,14,"SN",648,547
"2020-12-13",3,2,9,"MV",651,548
"2020-12-13",3,2,15,"ST",652,549
"2020-12-13",1,2,3,"BY",650,550
"2020-12-14",3,2,4,"BE",653,551
"2020-12-14",3,2,5,"BR",654,552
"2020-12-14",3,2,7,"HH",655,553
"2020-12-14",3,2,2,"BW",17,554
"2020-12-15",3,2,12,"RP",107,555
"2020-12-15",3,2,3,"BY",274,556
"2020-12-15",1,2,3,"BY",277,557
"2020-12-15",3,2,3,"BY",274,558
"2020-12-15",3,2,11,"NW",942,559
"2020-12-15",3,2,11,"NW",942,560
"2020-12-15",3,2,13,"SL",656,561
"2020-12-15",3,2,3,"BY",274,562
"2020-12-15",3,2,3,"BY",274,563
"2020-12-15",3,2,9,"MV",57,564
"2020-12-15",4,2,9,"MV",58,565
"2020-12-16",3,2,13,"SL",181,566
"2020-12-16",3,2,7,"HH",233,567
"2020-12-16",3,2,7,"HH",233,568
"2020-12-16",4,2,13,"SL",180,569
"2020-12-19",2,2,16,"SH",657,570
"2020-12-20",4,2,3,"BY",658,571
"2020-12-21",1,2,10,"NI",659,572
"2020-12-24",3,2,5,"BR",660,573
"2020-12-28",3,2,9,"MV",661,574
"2021-01-03",1,2,17,"TH",662,575
"2021-01-04",3,2,7,"HH",663,576
"2021-01-05",3,2,7,"HH",666,577
"2021-01-05",3,2,14,"SN",668,578
"2021-01-05",3,2,6,"HB",665,579
"2021-01-05",3,2,8,"HE",667,580
"2021-01-05",3,2,5,"BR",664,581
"2021-01-05",3,2,14,"SN",668,582
"2021-01-05",1,2,16,"SH",670,583
"2021-01-06",1,2,2,"BW",671,584
"2021-01-06",3,2,16,"SH",674,585
"2021-01-06",1,2,6,"HB",673,586
"2021-01-06",3,2,4,"BE",672,587
"2021-01-07",4,2,9,"MV",59,588
"2021-01-07",3,2,9,"MV",60,589
"2021-01-07",1,2,16,"SH",206,590
"2021-01-07",1,2,9,"MV",61,591
"2021-01-07",3,2,16,"SH",205,592
"2021-01-07",1,2,8,"HE",675,593
"2021-01-07",4,2,14,"SN",676,594
"2021-01-08",4,2,2,"BW",19,595
"2021-01-08",4,2,13,"SL",677,596
"2021-01-08",1,2,2,"BW",18,597
"2021-01-08",4,2,17,"TH",678,598
"2021-01-09",3,2,11,"NW",680,599
"2021-01-09",4,2,3,"BY",679,600
"2021-01-11",3,2,7,"HH",681,601
"2021-01-12",2,2,11,"NW",939,602
"2021-01-12",3,2,11,"NW",938,603
"2021-01-12",3,2,11,"NW",938,604
"2021-01-12",1,2,16,"SH",682,605
"2021-01-12",3,2,11,"NW",938,606
"2021-01-12",3,2,11,"NW",938,607
"2021-01-13",2,2,3,"BY",683,608
"2021-01-14",4,2,9,"MV",684,609
"2021-01-14",3,2,14,"SN",685,610
"2021-01-15",3,2,8,"HE",686,611
"2021-01-15",1,2,17,"TH",687,612
"2021-01-17",4,2,3,"BY",688,613
"2021-01-18",3,2,15,"ST",689,614
"2021-01-18",4,2,10,"NI",691,615
"2021-01-18",4,2,6,"HB",690,616
"2021-01-18",2,2,16,"SH",692,617
"2021-01-19",3,2,17,"TH",696,618
"2021-01-19",1,2,9,"MV",695,619
"2021-01-19",3,2,8,"HE",694,620
"2021-01-19",2,2,4,"BE",693,621
"2021-01-20",1,2,16,"SH",212,622
"2021-01-20",3,2,16,"SH",207,623
"2021-01-20",3,2,15,"ST",697,624
"2021-01-20",3,2,16,"SH",207,625
"2021-01-20",2,2,16,"SH",209,626
"2021-01-20",3,2,16,"SH",207,627
"2021-01-20",3,2,5,"BR",701,628
"2021-01-20",3,2,4,"BE",700,629
"2021-01-20",1,2,9,"MV",703,630
"2021-01-20",1,2,2,"BW",698,631
"2021-01-20",1,2,16,"SH",212,632
"2021-01-20",1,2,2,"BW",698,633
"2021-01-20",3,2,6,"HB",702,634
"2021-01-21",1,2,9,"MV",62,635
"2021-01-21",3,2,2,"BW",21,636
"2021-01-21",3,2,9,"MV",63,637
"2021-01-21",3,2,2,"BW",21,638
"2021-01-22",3,2,10,"NI",NA,639
"2021-01-22",3,2,6,"HB",41,640
"2021-01-22",1,2,10,"NI",NA,641
"2021-01-22",3,2,13,"SL",189,642
"2021-01-26",1,2,16,"SH",704,643
"2021-01-27",3,2,11,"NW",935,644
"2021-01-27",3,2,11,"NW",935,645
"2021-01-27",1,2,11,"NW",934,646
"2021-01-27",1,2,2,"BW",705,647
"2021-01-27",1,2,11,"NW",934,648
"2021-01-28",3,2,10,"NI",706,649
"2021-01-28",3,2,12,"RP",707,650
"2021-01-28",3,2,12,"RP",707,651
"2021-01-30",4,2,15,"ST",708,652
"2021-01-31",4,2,7,"HH",709,653
"2021-02-01",4,2,3,"BY",710,654
"2021-02-01",4,2,5,"BR",711,655
"2021-02-02",3,2,8,"HE",163,656
"2021-02-02",3,2,8,"HE",163,657
"2021-02-02",4,2,8,"HE",164,658
"2021-02-05",1,2,17,"TH",713,659
"2021-02-05",3,2,14,"SN",712,660
"2021-02-08",3,2,9,"MV",714,661
"2021-02-08",3,2,12,"RP",715,662
"2021-02-09",3,2,16,"SH",717,663
"2021-02-09",3,2,7,"HH",716,664
"2021-02-10",3,2,7,"HH",719,665
"2021-02-10",3,2,17,"TH",720,666
"2021-02-10",1,2,17,"TH",721,667
"2021-02-10",3,2,4,"BE",718,668
"2021-02-11",3,2,16,"SH",253,669
"2021-02-11",3,2,16,"SH",253,670
"2021-02-11",2,2,2,"BW",23,671
"2021-02-11",4,2,3,"BY",722,672
"2021-02-11",1,2,16,"SH",259,673
"2021-02-11",3,2,9,"MV",64,674
"2021-02-11",1,2,9,"MV",724,675
"2021-02-11",3,2,16,"SH",253,676
"2021-02-11",1,2,9,"MV",724,677
"2021-02-11",1,2,11,"NW",931,678
"2021-02-11",1,2,11,"NW",931,679
"2021-02-11",1,2,16,"SH",259,680
"2021-02-11",3,2,16,"SH",253,681
"2021-02-11",1,2,2,"BW",22,682
"2021-02-11",3,2,5,"BR",723,683
"2021-02-11",1,2,16,"SH",259,684
"2021-02-11",1,2,9,"MV",724,685
"2021-02-11",3,2,11,"NW",930,686
"2021-02-11",1,2,11,"NW",931,687
"2021-02-11",1,2,16,"SH",259,688
"2021-02-11",2,2,9,"MV",68,689
"2021-02-11",3,2,11,"NW",930,690
"2021-02-11",3,2,9,"MV",64,691
"2021-02-11",1,2,16,"SH",259,692
"2021-02-12",2,2,9,"MV",727,693
"2021-02-12",3,2,4,"BE",726,694
"2021-02-13",1,2,7,"HH",728,695
"2021-02-14",4,2,15,"ST",729,696
"2021-02-14",4,2,16,"SH",730,697
"2021-02-15",3,2,13,"SL",190,698
"2021-02-17",4,2,10,"NI",133,699
"2021-02-17",1,2,13,"SL",731,700
"2021-02-17",1,2,10,"NI",130,701
"2021-02-17",1,2,10,"NI",130,702
"2021-02-17",3,2,10,"NI",129,703
"2021-02-17",3,2,10,"NI",129,704
"2021-02-23",3,2,5,"BR",732,705
"2021-02-24",3,2,6,"HB",43,706
"2021-02-24",3,2,6,"HB",43,707
"2021-02-24",1,2,8,"HE",733,708
"2021-02-25",1,2,8,"HE",735,709
"2021-02-25",3,2,8,"HE",734,710
"2021-02-26",1,2,7,"HH",736,711
"2021-02-26",1,2,16,"SH",738,712
"2021-02-26",3,2,11,"NW",737,713
"2021-02-27",1,2,4,"BE",739,714
"2021-02-28",4,2,9,"MV",740,715
"2021-03-01",4,3,3,"BY",741,716
"2021-03-01",3,3,14,"SN",742,717
"2021-03-02",3,3,4,"BE",743,718
"2021-03-02",3,3,16,"SH",744,719
"2021-03-03",1,3,16,"SH",745,720
"2021-03-04",1,3,14,"SN",749,721
"2021-03-04",1,3,11,"NW",926,722
"2021-03-04",1,3,16,"SH",261,723
"2021-03-04",3,3,16,"SH",262,724
"2021-03-04",3,3,8,"HE",747,725
"2021-03-04",3,3,10,"NI",748,726
"2021-03-04",1,3,11,"NW",926,727
"2021-03-04",3,3,11,"NW",925,728
"2021-03-04",3,3,11,"NW",925,729
"2021-03-04",1,3,16,"SH",261,730
"2021-03-04",3,3,11,"NW",925,731
"2021-03-04",3,3,7,"HH",746,732
"2021-03-05",4,3,2,"BW",25,733
"2021-03-05",3,3,9,"MV",72,734
"2021-03-05",4,3,2,"BW",25,735
"2021-03-05",1,3,2,"BW",26,736
"2021-03-05",1,3,9,"MV",71,737
"2021-03-05",3,3,9,"MV",72,738
"2021-03-05",1,3,5,"BR",750,739
"2021-03-05",4,3,9,"MV",70,740
"2021-03-06",1,3,9,"MV",752,741
"2021-03-06",1,3,7,"HH",751,742
"2021-03-08",3,3,13,"SL",197,743
"2021-03-08",4,3,6,"HB",44,744
"2021-03-08",3,3,13,"SL",197,745
"2021-03-08",3,3,13,"SL",197,746
"2021-03-11",1,3,17,"TH",753,747
"2021-03-16",4,3,8,"HE",167,748
"2021-03-16",3,3,8,"HE",757,749
"2021-03-16",3,3,3,"BY",754,750
"2021-03-16",4,3,8,"HE",167,751
"2021-03-16",3,3,8,"HE",757,752
"2021-03-16",3,3,4,"BE",756,753
"2021-03-16",3,3,4,"BE",756,754
"2021-03-18",2,3,4,"BE",758,755
"2021-03-19",1,3,15,"ST",759,756
"2021-03-19",3,3,11,"NW",921,757
"2021-03-19",1,3,11,"NW",922,758
"2021-03-20",2,3,13,"SL",761,759
"2021-03-20",4,3,3,"BY",760,760
"2021-03-22",3,3,14,"SN",762,761
"2021-03-23",1,3,8,"HE",770,762
"2021-03-23",1,3,4,"BE",763,763
"2021-03-23",3,3,6,"HB",766,764
"2021-03-23",2,3,8,"HE",769,765
"2021-03-23",4,3,11,"NW",771,766
"2021-03-23",3,3,16,"SH",773,767
"2021-03-23",1,3,7,"HH",767,768
"2021-03-23",1,3,17,"TH",775,769
"2021-03-23",3,3,5,"BR",765,770
"2021-03-23",1,3,4,"BE",763,771
"2021-03-23",3,3,11,"NW",772,772
"2021-03-23",1,3,16,"SH",774,773
"2021-03-23",3,3,8,"HE",768,774
"2021-03-24",1,3,11,"NW",779,775
"2021-03-24",3,3,16,"SH",264,776
"2021-03-24",1,3,6,"HB",45,777
"2021-03-24",1,3,10,"NI",778,778
"2021-03-24",1,3,2,"BW",776,779
"2021-03-24",1,3,5,"BR",777,780
"2021-03-24",3,3,11,"NW",920,781
"2021-03-24",3,3,2,"BW",27,782
"2021-03-25",4,3,4,"BE",92,783
"2021-03-25",1,3,9,"MV",77,784
"2021-03-25",3,3,9,"MV",73,785
"2021-03-25",3,3,9,"MV",73,786
"2021-03-25",3,3,3,"BY",780,787
"2021-03-25",3,3,9,"MV",73,788
"2021-03-25",1,3,13,"SL",193,789
"2021-03-25",1,3,9,"MV",77,790
"2021-03-25",1,3,9,"MV",77,791
"2021-03-25",1,3,8,"HE",782,792
"2021-03-25",1,3,13,"SL",193,793
"2021-03-25",1,3,13,"SL",193,794
"2021-03-25",3,3,13,"SL",191,795
"2021-03-25",3,3,9,"MV",73,796
"2021-03-25",1,3,9,"MV",77,797
"2021-03-25",1,3,4,"BE",93,798
"2021-03-25",1,3,4,"BE",93,799
"2021-03-26",1,3,11,"NW",785,800
"2021-03-26",1,3,4,"BE",784,801
"2021-03-26",1,3,10,"NI",135,802
"2021-03-26",3,3,10,"NI",134,803
"2021-03-27",1,3,2,"BW",786,804
"2021-03-28",4,3,2,"BW",787,805
"2021-03-28",4,3,3,"BY",788,806
"2021-03-28",3,3,14,"SN",790,807
"2021-03-28",2,3,15,"ST",791,808
"2021-03-28",1,3,4,"BE",789,809
"2021-03-29",3,3,16,"SH",795,810
"2021-03-29",3,3,7,"HH",792,811
"2021-03-29",1,3,8,"HE",793,812
"2021-03-29",3,3,12,"RP",794,813
"2021-03-30",1,3,8,"HE",798,814
"2021-03-30",2,3,8,"HE",797,815
"2021-03-30",1,3,16,"SH",799,816
"2021-03-30",4,3,4,"BE",796,817
"2021-03-31",3,3,2,"BW",800,818
"2021-03-31",3,3,3,"BY",801,819
"2021-03-31",3,3,7,"HH",802,820
"2021-04-01",4,3,6,"HB",803,821
"2021-04-01",3,3,6,"HB",804,822
"2021-04-02",3,3,11,"NW",805,823
"2021-04-02",1,3,13,"SL",806,824
"2021-04-04",1,3,13,"SL",807,825
"2021-04-04",1,3,16,"SH",808,826
"2021-04-05",4,3,11,"NW",810,827
"2021-04-05",3,3,11,"NW",809,828
"2021-04-06",3,3,7,"HH",811,829
"2021-04-06",4,3,8,"HE",812,830
"2021-04-07",4,3,3,"BY",813,831
"2021-04-07",1,3,16,"SH",814,832
"2021-04-08",3,3,16,"SH",818,833
"2021-04-08",3,3,12,"RP",815,834
"2021-04-08",2,3,12,"RP",816,835
"2021-04-08",3,3,13,"SL",817,836
"2021-04-09",3,3,2,"BW",819,837
"2021-04-09",1,3,14,"SN",824,838
"2021-04-09",1,3,17,"TH",827,839
"2021-04-09",1,3,15,"ST",825,840
"2021-04-09",1,3,4,"BE",821,841
"2021-04-09",3,3,3,"BY",820,842
"2021-04-09",4,3,17,"TH",826,843
"2021-04-09",4,3,11,"NW",823,844
"2021-04-09",1,3,10,"NI",822,845
"2021-04-10",3,3,8,"HE",830,846
"2021-04-10",3,3,9,"MV",831,847
"2021-04-10",3,3,5,"BR",829,848
"2021-04-10",1,3,4,"BE",828,849
"2021-04-11",2,3,14,"SN",834,850
"2021-04-11",3,3,5,"BR",832,851
"2021-04-11",3,3,6,"HB",833,852
"2021-04-12",4,3,12,"RP",835,853
"2021-04-13",1,3,8,"HE",836,854
"2021-04-14",1,3,10,"NI",837,855
"2021-04-14",1,3,15,"ST",838,856
"2021-04-15",3,3,11,"NW",917,857
"2021-04-15",4,3,5,"BR",839,858
"2021-04-15",1,3,11,"NW",919,859
"2021-04-15",3,3,11,"NW",917,860
"2021-04-15",1,3,12,"RP",840,861
"2021-04-15",1,3,11,"NW",919,862
"2021-04-15",1,3,11,"NW",919,863
"2021-04-15",4,3,11,"NW",913,864
"2021-04-15",2,3,16,"SH",841,865
"2021-04-15",3,3,11,"NW",917,866
"2021-04-16",1,3,9,"MV",81,867
"2021-04-16",3,3,9,"MV",842,868
"2021-04-16",1,3,9,"MV",81,869
"2021-04-17",1,3,13,"SL",843,870
"2021-04-20",1,3,16,"SH",265,871
"2021-04-20",2,3,16,"SH",844,872
"2021-04-20",3,3,16,"SH",266,873
"2021-04-20",1,3,16,"SH",265,874
"2021-04-21",1,3,10,"NI",141,875
"2021-04-21",1,3,10,"NI",141,876
"2021-04-21",3,3,10,"NI",142,877
"2021-04-21",1,3,10,"NI",141,878
"2021-04-22",1,3,9,"MV",847,879
"2021-04-22",3,3,13,"SL",848,880
"2021-04-22",1,3,8,"HE",846,881
"2021-04-22",3,3,5,"BR",845,882
"2021-04-23",1,3,16,"SH",849,883
"2021-04-24",1,3,7,"HH",850,884
"2021-04-25",4,3,17,"TH",851,885
"2021-04-27",1,3,2,"BW",852,886
"2021-04-27",1,3,8,"HE",171,887
"2021-04-27",4,3,8,"HE",169,888
"2021-04-27",1,3,17,"TH",855,889
"2021-04-27",1,3,12,"RP",854,890
"2021-04-27",3,3,8,"HE",170,891
"2021-04-27",3,3,8,"HE",170,892
"2021-04-28",3,3,11,"NW",857,893
"2021-04-28",1,3,7,"HH",856,894
"2021-04-28",3,3,11,"NW",857,895
"2021-04-28",3,3,11,"NW",857,896
"2021-04-28",3,3,11,"NW",857,897
"2021-05-01",1,3,5,"BR",858,898
"2021-05-01",1,3,16,"SH",859,899
"2021-05-02",1,3,16,"SH",860,900
"2021-05-03",1,3,3,"BY",861,901
"2021-05-03",1,3,4,"BE",862,902
"2021-05-04",1,3,15,"ST",865,903
"2021-05-04",1,3,10,"NI",864,904
"2021-05-04",1,3,2,"BW",863,905
"2021-05-05",3,3,6,"HB",47,906
"2021-05-05",1,3,6,"HB",46,907
"2021-05-11",1,3,10,"NI",146,908
"2021-05-11",1,3,5,"BR",866,909
"2021-05-11",3,3,10,"NI",145,910
"2021-05-12",1,3,8,"HE",867,911
"2021-05-15",1,3,14,"SN",868,912
"2021-05-17",2,3,11,"NW",870,913
"2021-05-17",3,3,7,"HH",869,914
"2021-05-20",1,3,4,"BE",871,915
"2021-05-27",1,3,8,"HE",872,916
"2021-05-27",1,3,16,"SH",873,917
"2021-06-02",3,3,9,"MV",874,918
"2021-06-04",1,3,3,"BY",875,919
"2021-06-09",1,3,9,"MV",83,920
"2021-06-09",3,3,9,"MV",84,921
"2021-06-10",1,3,7,"HH",876,922
"2021-06-10",4,3,9,"MV",877,923
"2021-06-16",1,NA,13,"SL",194,924
"2021-06-16",1,NA,13,"SL",194,925
"2021-06-16",1,NA,13,"SL",194,926
"2021-06-16",1,NA,11,"NW",909,927
"2021-06-16",1,NA,11,"NW",909,928
"2021-06-19",1,NA,7,"HH",879,929
"2021-06-22",1,NA,8,"HE",880,930
"2021-06-23",1,NA,16,"SH",881,931
"2021-06-26",2,NA,9,"MV",882,932
"2021-06-28",4,NA,7,"HH",884,933
"2021-06-28",4,NA,3,"BY",883,934
"2021-07-04",1,NA,17,"TH",885,935
"2021-07-11",3,NA,6,"HB",886,936
"2021-07-18",4,NA,9,"MV",887,937
"2021-07-19",1,NA,16,"SH",888,938
"2021-07-22",4,NA,8,"HE",889,939
"2021-07-25",3,NA,5,"BR",890,940
"2021-07-25",1,NA,7,"HH",891,941
"2021-07-27",1,NA,3,"BY",892,942
"2021-07-28",4,NA,3,"BY",893,943
"2021-07-29",3,NA,14,"SN",894,944
"2021-07-30",4,NA,16,"SH",896,945
"2021-07-30",1,NA,4,"BE",895,946
"2021-08-02",1,NA,16,"SH",897,947
"2021-08-10",3,NA,12,"RP",899,948
"2021-08-10",4,NA,7,"HH",898,949
"2021-08-11",1,NA,10,"NI",900,950
"2021-08-20",1,NA,4,"BE",901,951
"2021-08-21",1,NA,3,"BY",902,952
"2021-08-22",4,NA,11,"NW",903,953
"2021-08-23",1,NA,16,"SH",904,954
"2021-08-24",1,NA,4,"BE",905,955
"2021-08-28",1,NA,13,"SL",906,956
"2021-08-31",1,NA,7,"HH",907,957
